:020000040800F2
:100000000000022079170008511300085D13000852
:100010006913000875130008811300080000000030
:10002000000000000000000000000000C18C00087B
:100030008D13000800000000118F00089B130008BA
:10004000C9170008C9170008C9170008C917000810
:10005000C9170008C9170008C9170008C917000800
:10006000C9170008C9170008C9170008C9170008F0
:10007000C9170008C9170008C9170008C9170008E0
:10008000C9170008C9170008C917000800000000B8
:10009000000000000000000000000000B513000890
:1000A000C9170008C9170008C9170008C9170008B0
:1000B000C9170008CD130008C9170008C9170008A0
:1000C000C9170008E1130008F5130008C917000854
:1000D000C917000809140008C9170008000000002B
:1000E000C9170008C9170008C91700080000000058
:1000F000000000000000000000000000C917000818
:1001000000000000C9170008C9170008C917000837
:1001100000000000000000000000000000000000DF
:10012000C9170008C9170008C9170008C91700082F
:10013000C9170008000000000000000000000000D7
:10014000000000000000000000000000C9170008C7
:10015000C9170008C9170008C9170008C9170008FF
:10016000C9170008C91700080000000000000000BF
:10017000000000000000000000000000000000007F
:1001800000000000C9170008000000000000000087
:08019000C9170008C917000897
:1001A00010B5054C237833B9044B13B10448AFF3B1
:1001B00000800123237010BD8C020020000000008D
:1001C000DCEB000808B5034B1BB103490348AFF350
:1001D000008008BD0000000090020020DCEB000859
:1001E00001F0FF01102A2BDB10F0070F08D010F8E8
:1001F000013B013A8B422DD010F0070F42B3F6D1EC
:10020000F0B441EA012141EA014122F007047FF004
:1002100000070023F0E80256083C85EA010586EA5B
:10022000010685FA47F5A3FA87F586FA47F6A5FA97
:1002300087F68EB9EED1F0BC01F0FF0102F00702A3
:1002400032B110F8013B013A83EA010313B1F8D14E
:100250000020704701387047002D06BF354603382F
:10026000073815F0010F07D1013015F4807F02BF68
:10027000013015F4C03F0130F0BC0138704700BFB9
:10028000034613F8012B002AFBD1181A01387047D6
:1002900081F0004102E000BF83F0004330B54FEA37
:1002A00041044FEA430594EA050F08BF90EA020FA4
:1002B0001FBF54EA000C55EA020C7FEA645C7FEA37
:1002C000655C00F0E2804FEA5454D4EB5555B8BF5A
:1002D0006D420CDD2C4480EA020281EA030382EACB
:1002E000000083EA010180EA020281EA0303362D5D
:1002F00088BF30BD11F0004F4FEA01314FF4801C30
:100300004CEA113102D0404261EB410113F0004F41
:100310004FEA03334CEA133302D0524263EB4303F8
:1003200094EA050F00F0A780A4F10104D5F1200E96
:100330000DDB02FA0EFC22FA05F2801841F10001F1
:1003400003FA0EF2801843FA05F359410EE0A5F1C5
:1003500020050EF1200E012A03FA0EFC28BF4CF0F6
:10036000020C43FA05F3C01851EBE37101F00045AC
:1003700007D54FF0000EDCF1000C7EEB00006EEBB9
:100380000101B1F5801F1BD3B1F5001F0CD3490843
:100390005FEA30004FEA3C0C04F101044FEA44529A
:1003A00012F5800F80F09A80BCF1004F08BF5FEA21
:1003B000500C50F1000041EB045141EA050130BD01
:1003C0005FEA4C0C404141EB0101013C28BFB1F513
:1003D000801FE9D291F0000F04BF01460020B1FA5E
:1003E00081F308BF2033A3F10B03B3F120020CDA31
:1003F0000C3208DD02F1140CC2F10C0201FA0CF00F
:1004000021FA02F10CE002F11402D8BFC2F1200C73
:1004100001FA02F120FA0CFCDCBF41EA0C01904029
:10042000E41AA2BF01EB0451294330BD6FEA040472
:100430001F3C1CDA0C340EDC04F11404C4F120025D
:1004400020FA04F001FA02F340EA030021FA04F36F
:1004500045EA030130BDC4F10C04C4F1200220FAC6
:1004600002F001FA04F340EA0300294630BD21FA04
:1004700004F0294630BD94F0000F83F4801306BFCA
:1004800081F480110134013D4EE77FEA645C18BFBE
:100490007FEA655C29D094EA050F08BF90EA020F55
:1004A00005D054EA000C04BF1946104630BD91EA4D
:1004B000030F1EBF0021002030BD5FEA545C05D150
:1004C0004000494128BF41F0004130BD14F580048F
:1004D0003CBF01F5801130BD01F0004545F0FE4103
:1004E00041F470014FF0000030BD7FEA645C1ABF38
:1004F000194610467FEA655C1CBF0B46024650EA6F
:10050000013406BF52EA033591EA030F41F400219A
:1005100030BD00BF90F0000F04BF0021704730B520
:100520004FF4806404F132044FF000054FF00001F5
:1005300050E700BF90F0000F04BF0021704730B5B6
:100540004FF4806404F1320410F0004548BF40428B
:100550004FF000013EE700BF42004FEAE2014FEAE0
:1005600031014FEA02701FBF12F07F4393F07F4FBB
:1005700081F06051704732F07F4208BF704793F0BE
:100580007F4F04BF41F40021704730B54FF46074D1
:1005900001F0004521F000411CE700BF50EA0102D4
:1005A00008BF704730B54FF000050AE050EA01027D
:1005B00008BF704730B511F0004502D5404261EBED
:1005C00041014FF4806404F132045FEA915C3FF42E
:1005D000D8AE4FF003025FEADC0C18BF03325FEACB
:1005E000DC0C18BF033202EBDC02C2F1200300FA7C
:1005F00003FC20FA02F001FA03FE40EA0E0021FAA1
:1006000002F11444BDE600BF70B54FF0FF0C4CF48E
:10061000E06C1CEA11541DBF1CEA135594EA0C0F40
:1006200095EA0C0F00F0DEF82C4481EA030621EA7B
:100630004C5123EA4C5350EA013518BF52EA0335B6
:1006400041F4801143F4801338D0A0FB02CE4FF068
:100650000005E1FB02E506F00042E0FB03E54FF098
:100660000006E1FB03569CF0000F18BF4EF0010E90
:10067000A4F1FF04B6F5007F64F5407404D25FEA8C
:100680004E0E6D4146EB060642EAC62141EA55513F
:100690004FEAC52040EA5E504FEACE2EB4F1FD0C81
:1006A00088BFBCF5E06F1ED8BEF1004F08BF5FEAFF
:1006B000500E50F1000041EB045170BD06F00046B1
:1006C00046EA010140EA020081EA0301B4EB5C045E
:1006D000C2BFD4EB0C0541EA045170BD41F4801156
:1006E0004FF0000E013C00F3AB8014F1360FDEBF7B
:1006F000002001F0004170BDC4F10004203C35DA57
:100700000C341BDC04F11404C4F1200500FA05F3D9
:1007100020FA04F001FA05F240EA020001F000427A
:1007200021F0004110EBD37021FA04F642EB0601F0
:100730005EEA430E08BF20EAD37070BDC4F10C041A
:10074000C4F1200500FA04F320FA05F001FA04F2DE
:1007500040EA020001F0004110EBD37041F10001CA
:100760005EEA430E08BF20EAD37070BDC4F12005D5
:1007700000FA05F24EEA020E20FA04F301FA05F23D
:1007800043EA020321FA04F001F0004121FA04F2E5
:1007900020EA020000EBD3705EEA430E08BF20EAB5
:1007A000D37070BD94F0000F0FD101F000464000EF
:1007B00041EB010111F4801F08BF013CF7D041EA71
:1007C000060195F0000F18BF704703F00046520075
:1007D00043EB030313F4801F08BF013DF7D043EA46
:1007E0000603704794EA0C0F0CEA135518BF95EAFC
:1007F0000C0F0CD050EA410618BF52EA4306D1D183
:1008000081EA030101F000414FF0000070BD50EAA1
:10081000410606BF1046194652EA430619D094EA2B
:100820000C0F02D150EA013613D195EA0C0F05D115
:1008300052EA03361CBF104619460AD181EA030169
:1008400001F0004141F0FE4141F470014FF0000021
:1008500070BD41F0FE4141F4780170BD70B54FF0BC
:10086000FF0C4CF4E06C1CEA11541DBF1CEA13553C
:1008700094EA0C0F95EA0C0F00F0A7F8A4EB05041E
:1008800081EA030E52EA03354FEA013100F0888015
:100890004FEA03334FF0805545EA131343EA1263DE
:1008A0004FEA022245EA111545EA10654FEA002693
:1008B0000EF000419D4208BF964244F1FD0404F54C
:1008C000407402D25B084FEA3202B61A65EB0305A8
:1008D0005B084FEA32024FF480104FF4002CB6EB65
:1008E000020E75EB030E22BFB61A754640EA0C00E5
:1008F0005B084FEA3202B6EB020E75EB030E22BF25
:10090000B61A754640EA5C005B084FEA3202B6EB65
:10091000020E75EB030E22BFB61A754640EA9C0024
:100920005B084FEA3202B6EB020E75EB030E22BFF4
:10093000B61A754640EADC0055EA060E18D04FEAB2
:10094000051545EA16754FEA06164FEAC30343EA52
:1009500052734FEAC2025FEA1C1CC0D111F4801F1F
:100960000BD141EA00014FF000004FF0004CB6E718
:1009700011F4801F04BF01430020B4F1FD0C88BFB7
:10098000BCF5E06F3FF6AFAEB5EB030C04BFB6EBC2
:10099000020C5FEA500C50F1000041EB045170BDB5
:1009A0000EF0004E4EEA113114EB5C04C2BFD4EBE2
:1009B0000C0541EA045170BD41F480114FF0000E66
:1009C000013C90E645EA060E8DE60CEA135594EAE2
:1009D0000C0F08BF95EA0C0F3FF43BAF94EA0C0FE5
:1009E0000AD150EA01347FF434AF95EA0C0F7FF45A
:1009F00025AF104619462CE795EA0C0F06D152EAAE
:100A000003353FF4FDAE1046194622E750EA410691
:100A100018BF52EA43067FF4C5AE50EA41047FF4A2
:100A20000DAF52EA43057FF4EBAE12E74FF0FF3C07
:100A300006E000BF4FF0010C02E000BF4FF0010CD8
:100A40004DF804CD4FEA410C7FEA6C5C4FEA430C51
:100A500018BF7FEA6C5C1BD001B050EA410C0CBFA0
:100A600052EA430C91EA030F02BF90EA020F002002
:100A7000704710F1000F91EA030F58BF994208BF69
:100A800090422CBFD8176FEAE37040F00100704726
:100A90004FEA410C7FEA6C5C02D150EA013C07D17D
:100AA0004FEA430C7FEA6C5CD6D152EA033CD3D0C8
:100AB0005DF8040B704700BF8446104662468C46C2
:100AC0001946634600E000BF01B5FFF7B7FF0028F5
:100AD00048BF10F1000F01BD4DF808EDFFF7F4FF1E
:100AE0000CBF012000205DF808FB00BF4DF808EDA9
:100AF000FFF7EAFF34BF012000205DF808FB00BFCC
:100B00004DF808EDFFF7E0FF94BF012000205DF8ED
:100B100008FB00BF4DF808EDFFF7CEFF94BF0120A2
:100B200000205DF808FB00BF4DF808EDFFF7C4FF9B
:100B300034BF012000205DF808FB00BF4FEA410CE4
:100B40007FEA6C5C02D150EA013C0AD14FEA430CC7
:100B50007FEA6C5C02D152EA033C02D14FF0000004
:100B600070474FF0010070474FEA410212F5001242
:100B700015D211D56FF47873B3EB625212D94FEAE4
:100B8000C12343F0004343EA505311F0004F23FACE
:100B900002F018BF404270474FF00000704750EA23
:100BA000013005D111F0004008BF6FF000407047E0
:100BB0004FF00000704700BF53B94AB9002908BF81
:100BC00000281CBF4FF0FF314FF0FF3000F088B914
:100BD000ADF1080C6DE904CE00F006F8DDF804E094
:100BE000DDE9022304B070472DE9F047089D8E46E9
:100BF00004468846002B4AD18A42174662D9B2FA87
:100C000082F64EB1C6F1200301FA06F820FA03F38A
:100C1000B74043EA0808B4404FEA174E1FFA87FC72
:100C2000B8FBFEF1230C0EFB118843EA084301FBDD
:100C30000CF29A4209D9FB1801F1FF3080F0EA80EA
:100C40009A4240F2E78002393B449A1AA3B2B2FBBF
:100C5000FEF00EFB102243EA024300FB0CFC9C4515
:100C600009D9FB1800F1FF3280F0D6809C4540F294
:100C7000D3803B44023840EA0140A3EB0C0300213F
:100C80001DB1F3400022C5E90032BDE8F0878B4278
:100C900005D90DB1C5E9000100210846F5E7B3FA11
:100CA00083F1002946D1734502D3824200F20581C7
:100CB000841A6EEB030201209046002DE5D0C5E9B1
:100CC0000048E2E7002A00F09080B2FA82F6002E97
:100CD00040F0A4808A1A030C4FEA174E80B2BCB2CF
:100CE0000121B2FBFEFC0EFB1C2243EA024304FB83
:100CF0000CF29A4207D9FB180CF1FF3802D29A4243
:100D000000F2E080C4469B1AB3FBFEF20EFB1233E6
:100D100040EA034302FB04F49C4207D9FB1802F1AA
:100D2000FF3002D29C4200F2CA8002461B1B42EAFC
:100D30000C40A5E7C1F120068B4022FA06F71F43BD
:100D40000EFA01F420FA06F32EFA06FE4FEA1749CE
:100D5000234300FA01F81FFA87FCBEFBF9F01C0CD4
:100D600009FB10EE44EA0E4400FB0CFEA64502FA15
:100D700001F209D93C1900F1FF3A80F09C80A645A8
:100D800040F2998002383C44A4EB0E041FFA83FE23
:100D9000B4FBF9F309FB13444EEA044403FB0CFCD7
:100DA000A44508D93C1903F1FF3E80F08280A44598
:100DB0007FD9023B3C4443EA0040A4EB0C04A0FB77
:100DC00002EC64457346E14662D35FD05DB1B8EB97
:100DD000030264EB090404FA06F622FA01F31E4347
:100DE000CC40C5E9006400214FE7B1FBF2FC010CE7
:100DF00041EA0E4180B240EA01423B4638463C4659
:100E0000B846BE462026B1FBF7F1A2EB080241EA44
:100E10000C4166E7014618E710462CE7C6F12002B0
:100E20002EFA02F3B740B14020FA02F24FEA174E11
:100E30000A43B3FBFEF8BCB20EFB1833110C41EAB7
:100E4000034108FB04F9B04089454FEA104380B2E2
:100E50003ED9791808F1FF3C01D289451FD8A1EB92
:100E60000901B1FBFEF909FB04F80EFB191192B25E
:100E700042EA0142424529D2BA1809F1FF31C4D2EF
:100E80004245C2D2A9F102013A44BEE7F0459DD2E3
:100E9000BEEB02036CEB070C0138E14696E7A7EBCB
:100EA00009094944A8F1020CB1FBFEF909FB04F859
:100EB000DBE773467FE7504666E70846FDE63B44BE
:100EC000023A33E7ACF1020C3B441CE749469CE78D
:100ED000A1EB0901C446B1FBFEF909FB04F8C4E724
:100EE000704700BF80B500AF044A0021044805F0F8
:100EF0008EFB0346034A136000BF80BD9CF30008CD
:100F0000090F0008A802002080B582B000AF786009
:100F100008F05CFD012005F00DFCFBE780B58AB010
:100F200000AF07F1140300221A605A609A60DA6079
:100F30001A6100233B61584B1B6B574A43F0040373
:100F40001363554B1B6B03F004033B613B690023A8
:100F5000FB60514B1B6B504A43F0800313634E4BB5
:100F60001B6B03F08003FB60FB680023BB604A4BF4
:100F70001B6B494A43F001031363474B1B6B03F0A0
:100F80000103BB60BB6800237B60434B1B6B424A81
:100F900043F002031363404B1B6B03F002037B60BF
:100FA0007B6800233B603C4B1B6B3B4A43F00803D0
:100FB0001363394B1B6B03F008033B603B68002253
:100FC0002021364801F000F84FF6FF737B610323C0
:100FD000BB610023FB6107F114031946304800F0A0
:100FE00057FE03237B610323BB610023FB6107F1F1
:100FF000140319462B4800F04BFE4FF693037B6118
:101000000323BB610023FB6107F114031946234846
:1010100000F03EFE20237B610123BB610223FB61C4
:1010200000233B6207F1140319461C4800F030FE10
:101030004FF4A0737B614FF48813BB610223FB6103
:1010400007F114031946154800F022FE4FF2FF1372
:101050007B610323BB610023FB6107F11403194685
:10106000114800F015FE04237B610323BB610023BC
:10107000FB6107F1140319460C4800F009FE002239
:101080000521172000F029FD172000F042FD00BFC8
:101090002837BD4680BD00BF003802400000024036
:1010A00000080240001C024000040240000C024004
:1010B00080B500AF124B134A1A60114B124A5A60A6
:1010C0000F4B00229A600E4B0022DA600C4B4FF45B
:1010D00080421A610A4B00225A61094B00229A6130
:1010E000074B0022DA61064B00221A62044800F026
:1010F000B7FF0346002B01D000F0F6F800BF80BD1B
:10110000AC02002000580040A086010080B58AB0E3
:1011100000AF786007F1140300221A605A609A60E9
:10112000DA601A617B681B682A4A93424DD100231A
:101130003B61294B1B6B284A43F002031363264B88
:101140001B6B03F002033B613B694FF480637B61DF
:101150001223BB610023FB6103233B6204237B62F8
:1011600007F1140319461D4800F092FD4FF4007377
:101170007B611223BB610023FB6103233B620923D4
:101180007B6207F114031946144800F081FD002327
:10119000FB60114B1B6C104A43F4800313640E4B2D
:1011A0001B6C03F48003FB60FB68002205212120F7
:1011B00000F093FC212000F0ACFC0022052122204D
:1011C00000F08BFC222000F0A4FC00BF2837BD46B5
:1011D00080BD00BF005800400038024000040240BB
:1011E00080B582B000AF7860391D4FF6FF730122E1
:1011F000034804F087F97B6818460837BD4680BD70
:101200009403002080B500AF00F0E0FA00F00EF883
:10121000FFF784FE00F002FAFFF74AFF05F098F9A5
:10122000FFF760FE05F0B8F900BFFDE780B594B0A8
:1012300000AF07F120033022002118460BF098F888
:1012400007F10C0300221A605A609A60DA601A6192
:101250000023BB60224B1B6C214A43F08053136474
:101260001F4B1B6C03F08053BB60BB6800237B608B
:101270001C4B1B681B4A43F440431360194B1B680B
:1012800003F440437B607B6802233B620123FB62E3
:1012900010233B630023BB6307F12003184603F0D0
:1012A00013F80346002B01D000F01EF80F23FB605B
:1012B00000233B6100237B610023BB610023FB61B2
:1012C00007F10C030021184603F076FA0346002BC1
:1012D00001D000F009F800BF5037BD4680BD00BF07
:1012E000003802400070004080B500AF72B600BF09
:1012F00000F01DFC00BFFDE780B582B000AF002309
:101300007B60124B5B6C114A43F4804353640F4B78
:101310005B6C03F480437B607B6800233B600B4B7A
:101320001B6C0A4A43F080531364084B1B6C03F098
:1013300080533B603B6800220F216FF0010000F0FA
:10134000CCFB00BF0837BD4680BD00BF003802405F
:1013500080B500AF00F0EBFB00BFFDE780B500AF4C
:1013600000F0E5FB00BFFDE780B500AF00F0DFFB5C
:1013700000BFFDE780B500AF00F0D9FB00BFFDE77F
:1013800080B500AF00F0D3FB00BFFDE780B400AF35
:1013900000BFBD465DF8047B704780B500AF00F02C
:1013A00067FA06F0EFFF0346012B01D007F0E4FDDA
:1013B00000BF80BD80B500AF402000F039FE4FF483
:1013C000807000F035FE00BF80BD000080B500AF2A
:1013D000024803F0B2FC00BF80BD00BF0403002040
:1013E00080B500AF024801F02BFA00BF80BD00BFFE
:1013F000AC02002080B500AF024801F092FB00BFB4
:1014000080BD00BFAC02002080B500AF024804F0F0
:1014100029F900BF80BD00BF4C03002080B400AF9D
:1014200001231846BD465DF8047B704780B582B045
:1014300000AF786039600BF013F8034616221A608B
:101440004FF0FF3318460837BD4680BD80B582B0E7
:1014500000AF78604FF0FF317868FFF7E7FF00BF1B
:10146000FDE780B586B000AFF860B9607A60002310
:101470007B610AE0AFF300800146BB685A1CBA608A
:10148000CAB21A707B6901337B617A697B689A42C0
:10149000F0DB7B6818461837BD4680BD80B586B046
:1014A00000AFF860B9607A6000237B6109E0BB6837
:1014B0005A1CBA601B781846FFF792FE7B6901330D
:1014C0007B617A697B689A42F1DB7B681846183742
:1014D000BD4680BD80B483B000AF78604FF0FF336D
:1014E00018460C37BD465DF8047B704780B483B066
:1014F00000AF786039603B684FF400525A600023B7
:1015000018460C37BD465DF8047B704780B483B045
:1015100000AF7860012318460C37BD465DF8047BA8
:10152000704780B485B000AFF860B9607A6000237E
:1015300018461437BD465DF8047B704780B586B009
:1015400000AF7860144A154BD31A7B617B693B610D
:10155000134B1B68002B02D1114B124A1A60104B1F
:101560001A687B6813443A699A4207D20AF078FFF6
:1015700003460C221A604FF0FF3309E0084B1B684A
:10158000FB60074B1A687B681344054A1360FB68CD
:1015900018461837BD4680BD000002200004000038
:1015A00000030020E86E002080B400AF064BD3F8A3
:1015B0008830054A43F47003C2F8883000BFBD4646
:1015C0005DF8047B704700BF00ED00E080B584B09B
:1015D00000AF78607B681B680E4A934215D10023E8
:1015E000FB600D4B1B6C0C4A43F0020313640A4B67
:1015F0001B6C03F00203FB60FB68002205211D2029
:1016000000F06BFA1D2000F084FA00BF1037BD46D1
:1016100080BD00BF000400400038024080B500AF2C
:10162000114B124A1A60104B4FF4E1325A600E4BC4
:1016300000229A600C4B0022DA600B4B00221A61E8
:10164000094B0C225A61084B00229A61064B00227A
:10165000DA61054803F006FF0346002B01D0FFF7CF
:1016600043FE00BF80BD00BF940300200044004043
:1016700080B58CB000AF786007F11C0300221A60BF
:101680005A609A60DA601A617B681B68364A934236
:1016900035D10023BB61354B5B6C344A43F01003FA
:1016A0005364324B5B6C03F01003BB61BB690023D6
:1016B0007B612E4B1B6B2D4A43F0010313632B4BB5
:1016C0001B6B03F001037B617B694FF4C063FB611B
:1016D00002233B6200237B620323BB620723FB627E
:1016E00007F11C031946224800F0D2FA0022052116
:1016F000252000F0F2F9252000F00BFA30E07B689D
:101700001B681C4A93422BD100233B61174B1B6C77
:10171000164A43F400331364144B1B6C03F4003378
:101720003B613B690023FB60104B1B6B0F4A43F08E
:10173000010313630D4B1B6B03F00103FB60FB689C
:101740000C23FB6102233B6200237B620323BB6209
:101750000723FB6207F11C031946054800F098FABD
:1017600000BF3037BD4680BD001001400038024048
:101770000000024000440040DFF834D0FFF714FFBF
:101780000C480D490D4A002302E0D458C4500433DC
:10179000C4188C42F9D30A4A0A4C002301E01360B2
:1017A0000432A242FBD30AF061FEFFF72BFD704723
:1017B00000000220000000208C02002080F80008B9
:1017C0008C020020E86E0020FEE7000080B500AF2C
:1017D0000E4B1B680D4A43F4007313600B4B1B68E0
:1017E0000A4A43F480631360084B1B68074A43F4BA
:1017F00080731360032000F065F90F2000F008F8F3
:10180000FFF77AFD0023184680BD00BF003C024070
:1018100080B582B000AF7860124B1A68124B1B780B
:1018200019464FF47A73B3FBF1F3B2FBF3F31846A6
:1018300000F081F90346002B01D001230EE07B6804
:101840000F2B0AD8002279684FF0FF3000F045F9DD
:10185000064A7B681360002300E00123184608371E
:10186000BD4680BD000000200800002004000020CC
:1018700080B400AF064B1B781A46064B1B68134416
:10188000044A136000BFBD465DF8047B704700BF8B
:1018900008000020DC03002080B400AF034B1B686D
:1018A0001846BD465DF8047B704700BFDC0300208E
:1018B00080B584B000AF7860FFF7EEFFB8607B685A
:1018C000FB60FB68B3F1FF3F05D00A4B1B781A465B
:1018D000FB681344FB6000BFFFF7DEFF0246BB68F6
:1018E000D31AFA689A42F7D800BF00BF1037BD4636
:1018F00080BD00BF0800002080B485B000AF7860D4
:101900007B6803F00703FB600C4BDB68BB60BA68C5
:101910004FF6FF031340BB60FB681A02BB6813431A
:1019200043F0BF6343F40033BB60044ABB68D36039
:1019300000BF1437BD465DF8047B704700ED00E042
:1019400080B400AF044BDB681B0A03F007031846A2
:10195000BD465DF8047B704700ED00E080B483B0C5
:1019600000AF0346FB7197F90730002B0BDBFB79C7
:1019700003F01F02074997F907305B09012000FABD
:1019800002F241F8232000BF0C37BD465DF8047B0E
:10199000704700BF00E100E080B483B000AF0346B1
:1019A0003960FB7197F90730002B0ADB3B68DAB22C
:1019B0000C4997F907301201D2B20B4483F8002387
:1019C0000AE03B68DAB20849FB7903F00F03043BF5
:1019D0001201D2B20B441A7600BF0C37BD465DF837
:1019E000047B704700E100E000ED00E080B489B0C6
:1019F00000AFF860B9607A60FB6803F00703FB6131
:101A0000FB69C3F10703042B28BF0423BB61FB69F7
:101A10000433062B02D9FB69033B00E000237B6102
:101A20004FF0FF32BB6902FA03F3DA43BB681A4096
:101A30007B699A404FF0FF317B6901FA03F3D94388
:101A40007B680B40134318462437BD465DF8047B82
:101A50007047000080B400AFBFF34F8F00BF064B4C
:101A6000DB6803F4E0620449044B1343CB60BFF32B
:101A70004F8F00BF00BFFDE700ED00E00400FA0556
:101A800080B582B000AF78607B68013BB3F1807FA6
:101A900001D301230FE00A4A7B68013B53600F2109
:101AA0004FF0FF30FFF778FF054B00229A60044BA0
:101AB00007221A60002318460837BD4680BD00BFC4
:101AC00010E000E080B582B000AF78607868FFF782
:101AD00013FF00BF0837BD4680BD80B586B000AF9C
:101AE0000346B9607A60FB7300237B61FFF728FF30
:101AF00078617A68B9687869FFF778FF024697F9E4
:101B00000F3011461846FFF747FF00BF1837BD4694
:101B100080BD80B582B000AF0346FB7197F90730F6
:101B20001846FFF71BFF00BF0837BD4680BD80B5D4
:101B300000AFFFF78FFF80B582B000AF78607868A4
:101B4000FFF79EFF034618460837BD4680BD80B5A7
:101B500084B000AF78607B689B6DFB60FFF79CFEF4
:101B6000B8607B6893F83530DBB2022B08D07B6815
:101B700080225A657B68002283F83420012352E0DA
:101B80007B681B681A687B681B6822F016021A6063
:101B90007B681B685A697B681B6822F080025A6167
:101BA0007B681B6C002B03D17B689B6C002B07D0E0
:101BB0007B681B681A687B681B6822F008021A6041
:101BC0007B681B681A687B681B6822F001021A6038
:101BD00013E0FFF761FE0246BB68D31A052B0CD950
:101BE0007B6820225A657B68032283F835207B6856
:101BF000002283F83420032315E07B681B681B68F0
:101C000003F00103002BE4D17B68DB6D3F229A4097
:101C1000FB689A607B68012283F835207B6800228C
:101C200083F83420002318461037BD4680BD80B4A9
:101C300083B000AF78607B6893F83530DBB2022B5D
:101C400004D07B6880225A6501230CE07B68052262
:101C500083F835207B681B681A687B681B6822F054
:101C600001021A60002318460C37BD465DF8047B5C
:101C7000704780B483B000AF78607B6893F83530EC
:101C8000DBB218460C37BD465DF8047B7047000098
:101C900080B489B000AF7860396000237B61002395
:101CA0003B610023BB610023FB6159E10122FB6919
:101CB00002FA03F37B613B681B687A6913403B615E
:101CC0003A697B699A4240F048813B685B6803F05F
:101CD0000303012B05D03B685B6803F00303022B71
:101CE00030D17B689B68BB61FB695B00032202FA11
:101CF00003F3DB43BA691340BB613B68DA68FB69F5
:101D00005B0002FA03F3BA691343BB617B68BA69EB
:101D10009A607B685B68BB610122FB6902FA03F38E
:101D2000DB43BA691340BB613B685B681B0903F086
:101D30000102FB6902FA03F3BA691343BB617B68D2
:101D4000BA695A603B685B6803F00303032B17D042
:101D50007B68DB68BB61FB695B00032202FA03F36B
:101D6000DB43BA691340BB613B689A68FB695B005F
:101D700002FA03F3BA691343BB617B68BA69DA609C
:101D80003B685B6803F00303022B23D1FB69DA088D
:101D90007B68083253F82230BB61FB6903F007030C
:101DA0009B000F2202FA03F3DB43BA691340BB61C5
:101DB0003B681A69FB6903F007039B0002FA03F30F
:101DC000BA691343BB61FB69DA087B680832B969F9
:101DD00043F822107B681B68BB61FB695B00032230
:101DE00002FA03F3DB43BA691340BB613B685B68EB
:101DF00003F00302FB695B0002FA03F3BA691343C1
:101E0000BB617B68BA691A603B685B6803F4403366
:101E1000002B00F0A2800023FB60574B5B6C564AFE
:101E200043F480435364544B5B6C03F48043FB6086
:101E3000FB68524AFB699B08023352F82330BB61AE
:101E4000FB6903F003039B000F2202FA03F3DB4359
:101E5000BA691340BB617B68494A934219D07B68D9
:101E6000484A934213D07B68474A93420DD07B681F
:101E7000464A934207D07B68454A934201D10423E6
:101E800008E0072306E0032304E0022302E0012325
:101E900000E00023FA6902F0030292009340BA695D
:101EA0001343BB613549FB699B080233BA6941F8AA
:101EB0002320384B9B68BB613B69DB43BA69134005
:101EC000BB613B685B6803F48013002B03D0BA69E5
:101ED0003B691343BB612F4ABB6993602D4BDB68A1
:101EE000BB613B69DB43BA691340BB613B685B681C
:101EF00003F40013002B03D0BA693B691343BB61A1
:101F0000244ABB69D360234B5B68BB613B69DB43FD
:101F1000BA691340BB613B685B6803F40033002B74
:101F200003D0BA693B691343BB611A4ABB6953606A
:101F3000184B1B68BB613B69DB43BA691340BB614B
:101F40003B685B6803F48033002B03D0BA693B69BC
:101F50001343BB610F4ABB691360FB690133FB612B
:101F6000FB690F2B7FF6A2AE00BF00BF2437BD4632
:101F70005DF8047B704700BF003802400038014024
:101F8000000002400004024000080240000C024031
:101F900000100240003C014080B485B000AF786082
:101FA0000B467B807B681A697B881340002B02D02C
:101FB0000123FB7301E00023FB73FB7B18461437FE
:101FC000BD465DF8047B704780B483B000AF786095
:101FD0000B467B8013467B707B78002B03D07A887E
:101FE0007B689A6103E07B881A047B689A6100BF72
:101FF0000C37BD465DF8047B704780B485B000AFF8
:1020000078600B467B807B685B69FB607A88FB6845
:1020100013401A04FB68D9437B880B401A437B6842
:102020009A6100BF1437BD465DF8047B704700001D
:1020300080B582B000AF0346FB80084B5A69FB882D
:102040001340002B06D0054AFB885361FB881846D5
:1020500007F052FA00BF0837BD4680BD003C014082
:1020600080B584B000AF78607B68002B01D101237C
:102070002BE17B6893F83D30DBB2002B06D17B6807
:10208000002283F83C207868FFF740F87B68242220
:1020900083F83D207B681B681A687B681B6822F008
:1020A00001021A607B681B681A687B681B6842F42F
:1020B00000421A607B681B681A687B681B6822F400
:1020C00000421A6002F030FDF8607B685B68814A6C
:1020D000934207D8FB68804A934294BF01230023B0
:1020E000DBB206E0FB687D4A934294BF01230023E4
:1020F000DBB2002B01D00123E7E0FB68784AA2FBAA
:1021000003239B0CBB607B681B685B6823F03F016B
:102110007B681B68BA680A435A607B681B681B6A45
:1021200023F03F017B685B686A4A934202D8BB6830
:10213000013309E0BB684FF4967202FB03F3694A6E
:10214000A2FB03239B0901337A6812680B431362D5
:102150007B681B68DB6923F44F4222F0FF027B6837
:102160005B685C498B4219D8FB68591E7B685B68C9
:102170005B00B1FBF3F3591C40F6FC730B40002BE2
:102180000AD0FB68591E7B685B685B00B1FBF3F308
:102190000133C3F30B0351E004234FE07B689B68DA
:1021A000002B11D1FB68581E7B6859680B465B00F9
:1021B0000B44B0FBF3F30133C3F30B03002B0CBF51
:1021C00001230023DBB212E0FB68581E7B685968CC
:1021D0000B469B000B4499000B44B0FBF3F3013317
:1021E000C3F30B03002B0CBF01230023DBB2002B36
:1021F00001D0012322E07B689B68002B0ED1FB6895
:10220000581E7B6859680B465B000B44B0FBF3F328
:102210000133C3F30B0343F400430FE0FB68581E84
:102220007B6859680B469B000B4499000B44B0FB3C
:10223000F3F30133C3F30B0343F4404379680968B4
:102240001343CB617B681B681B6823F0C0017B686C
:10225000DA697B681B6A1A437B681B680A431A6049
:102260007B681B689B6823F4034323F0FF037A68B1
:1022700011697A68D26811437A6812680B439360D7
:102280007B681B68DB6823F0FF017B685A697B6809
:102290009B691A437B681B680A43DA607B681B688A
:1022A0001A687B681B6842F001021A607B68002292
:1022B0001A647B68202283F83D207B6800221A6321
:1022C0007B68002283F83E20002318461037BD4665
:1022D00080BD00BFA08601007F841E00FF083D0076
:1022E00083DE1B43D34D621080B483B000AF7860AF
:1022F0007B681B685B6903F08003802B03D17B68DC
:102300001B6800221A6100BF0C37BD465DF8047BD4
:102310007047000080B487B000AFF86008461146EF
:102320001A4603467B810B463B811346FB80002304
:102330007B61FB6893F83D30DBB2202B40F08A8054
:10234000484B1B68DB08484AA2FB03231A0A1346C2
:102350009B0013449A0013447B617B69013B7B61C2
:102360007B69002B12D1FB6800221A63FB682022D4
:1023700083F83D20FB68002283F83E20FB681B6C3D
:1023800043F02002FB681A64022364E0FB681B68C8
:102390009B6903F00203022BDFD0FB6893F83C300B
:1023A000012B01D1022356E0FB68012283F83C2077
:1023B000FB681B681B6803F00103012B07D0FB6857
:1023C0001B681A68FB681B6842F001021A60FB6810
:1023D0001B681A68FB681B6822F400621A60FB68BD
:1023E000212283F83D20FB68402283F83E20FB68D1
:1023F00000221A64FB683A6A5A62FB68BA8C5A85F2
:10240000FB685B8D9AB2FB681A85FB68174ADA6233
:102410007A89FB685A643A89FB689A64FA88FB688F
:10242000DA64FB6800221A65FB681B681A68FB689F
:102430001B6842F480721A60FB68002283F83C201B
:10244000FB681B685A68FB681B6842F4E0625A60CC
:10245000002300E0022318461C37BD465DF8047BCC
:10246000704700BF0000002089B5F8140000FFFF8E
:1024700080B487B000AFF860084611461A4603469C
:102480007B810B463B811346FB8000237B61FB680D
:1024900093F83D30DBB2202B40F096804E4B1B680A
:1024A000DB084E4AA2FB03231A0A13469B0013447F
:1024B0009A0013447B617B69013B7B617B69002B44
:1024C00012D1FB6800221A63FB68202283F83D20AA
:1024D000FB68002283F83E20FB681B6C43F020025F
:1024E000FB681A64022370E0FB681B689B6903F0B9
:1024F0000203022BDFD0FB6893F83C30012B01D1A3
:10250000022362E0FB68012283F83C20FB681B6821
:102510001B6803F00103012B07D0FB681B681A68D6
:10252000FB681B6842F001021A60FB681B681A68AE
:10253000FB681B6822F400621A60FB68222283F8A1
:102540003D20FB68402283F83E20FB6800221A648D
:10255000FB683A6A5A62FB68BA8C5A85FB685B8DE5
:102560009AB2FB681A85FB681D4ADA627A89FB68B1
:102570005A643A89FB689A64FA88FB68DA64FB68F3
:1025800000221A65FB681B681A68FB681B6842F426
:1025900080621A60FB681B681A68FB681B6842F45B
:1025A00080721A60FB68002283F83C20FB681B8D58
:1025B000002B07D0FB681B685A68FB681B6842F455
:1025C000E0625A60002300E0022318461C37BD4633
:1025D0005DF8047B704700BF0000002089B5F81447
:1025E0000000FFFF80B58AB002AFF8607A603B6000
:1025F0000B467B81FFF750F9F8610023BB61FB6854
:1026000093F83D30DBB2202B40F01181FB69009341
:10261000192301228849F86801F08EFD0346002B3A
:1026200001D0022304E1FB6893F83C30012B01D177
:102630000223FDE0FB68012283F83C20FB681B6855
:102640001B6803F00103012B07D0FB681B681A68A5
:10265000FB681B6842F001021A60FB681B681A687D
:10266000FB681B6822F400621A60FB68242283F86E
:102670003D20FB6800221A64FB68704ADA62FB683E
:102680001B681A68FB681B6842F480721A60FB6959
:1026900000933B6800224FF00111F86801F04CFDF7
:1026A0000346002B0DD0FB681B681B6803F4807386
:1026B000B3F5807F03D1FB684FF400721A640323E3
:1026C000B6E07B89DBB21A46FB681B6802F0FE02AB
:1026D0001A61FFF7E1F8F861FB681B685B6903F0BA
:1026E0000203022B0CBF01230023DBB2FB75FB6846
:1026F0001B685B6903F48063B3F5806F0CBF012333
:102700000023DBB2BB7525E0FFF7C6F80246FB6984
:10271000D31A3A689A4202D33B68002B03D1FB6874
:10272000A02283F83D20FB681B685B6903F002036D
:10273000022B0CBF01230023DBB2FB75FB681B6877
:102740005B6903F48063B3F5806F0CBF0123002342
:10275000DBB2BB75FB6893F83D30DBB2A02B05D034
:10276000FB7D002B02D1BB7D002BCDD0FB6820224E
:1027700083F83D20FB681B685B6903F00203022BB2
:1027800029D1FB681B681A68FB681B6842F4007259
:102790001A6000233B61FB681B685B693B61FB6857
:1027A0001B689B693B613B69FB690093192301220C
:1027B0002149F86801F0C0FC0346002B01D0012339
:1027C00036E0FB68202283F83D20FB68002283F876
:1027D0003C2000232CE0FB681B681A68FB681B6820
:1027E00042F400721A60FB681B686FF480625A61E1
:1027F000FB690093192301220F49F86801F09CFC42
:102800000346002B01D0012312E0BB690133BB61F9
:10281000BA697B689A42FFF432AFFB68202283F8E2
:102820003D20FB68002283F83C20012300E00223C6
:1028300018462037BD4680BD020010000000FFFF93
:1028400080B588B000AF78600023BB617B681B68EF
:102850005B687B617B68DB6A3B617B6893F83E3039
:10286000FB737B6893F83D30BB73FB7B102B03D06D
:10287000FB7B402B40F0C1807B681B689B69BB6180
:102880007B681B685B69FB61FB6903F00103002B3C
:102890000DD13B69B3F52A0F03D03B69B3F12A4F41
:1028A00001D1012300E00023012B00F03281FB69FC
:1028B00003F00103002B0CD07B695B0A03F00103DA
:1028C000002B06D0786801F0E3FC786800F06DFD1D
:1028D00092E0FB69DB0803F00103002B09D07B6960
:1028E0005B0A03F00103002B03D0786800F0E3FDDE
:1028F00082E0FB695B0803F00103002B09D07B69D0
:102900005B0A03F00103002B03D0786800F0FDFDA3
:1029100072E0BB699B0803F00103002B3BD07B688E
:102920001B685B6803F40063B3F5006F00F0F3808D
:10293000FB69DB0903F00103002B0FD07B699B0AC5
:1029400003F00103002B09D0FB699B0803F001038E
:10295000002B03D1786800F0C1F94DE0FB699B08BA
:1029600003F00103002B00F0D6807B695B0A03F0C3
:102970000103002B00F0CF80BB7B212B03D17868B3
:1029800000F048FAC7E0FB7B402B40F0C480786839
:1029900000F0B6FABFE07B681B685B6803F4006375
:1029A000B3F5006F00F0B780FB699B0903F00103EA
:1029B000002B0FD07B699B0A03F00103002B09D089
:1029C000FB699B0803F00103002B03D1786800F03A
:1029D0002FFB11E0FB699B0803F00103002B00F0C3
:1029E0009A807B695B0A03F00103002B00F093805F
:1029F000786800F0E5FB8EE08DE07B681B6C002BB7
:102A000004D07B681B685B69FB6107E07B681B681F
:102A10009B69BB617B681B685B69FB61FB695B0849
:102A200003F00103002B12D07B695B0A03F0010362
:102A3000002B0CD07B681B6C002B03D07B681B68C1
:102A40009B69BB61B969786800F0AEFF66E0FB691D
:102A50001B0903F00103002B09D07B695B0A03F01B
:102A60000103002B03D0786800F0E8FF56E0BB7B41
:102A7000212B02D0BB7B292B25D1FB69DB0903F07D
:102A80000103002B0FD07B699B0A03F00103002B8D
:102A900009D0FB699B0803F00103002B03D1786880
:102AA00000F0C4FE39E0FB699B0803F00103002B32
:102AB00033D07B695B0A03F00103002B2DD07868CB
:102AC00000F0F1FE29E0FB699B0903F00103002BF4
:102AD0000FD07B699B0A03F00103002B09D0FB692F
:102AE0009B0803F00103002B03D1786800F0FCFE83
:102AF00014E0FB699B0803F00103002B0ED07B69F7
:102B00005B0A03F00103002B08D0786800F02AFF6D
:102B100004E000BF02E000BF00E000BF2037BD4678
:102B200080BD80B58AB000AF78607B681B685B6948
:102B30003B627B681B685B68FB6100237B627B6890
:102B400093F83E30FB763B6A1B0A03F00103002B2F
:102B50000ED0FB691B0A03F00103002B08D07B6A2F
:102B600043F001037B627B681B686FF480725A61DB
:102B70003B6A5B0A03F00103002B0ED0FB691B0AC2
:102B800003F00103002B08D07B6A43F002037B6251
:102B90007B681B686FF400725A613B6A9B0A03F002
:102BA0000103002B3FD0FB691B0A03F00103002B3C
:102BB00039D0FB7EBB767B685B8D9BB27B617B688B
:102BC00093F83D30FB747B681B6BFB60BB7E202B56
:102BD00012D17B69002B0FD1FB7C212B08D0FB7C11
:102BE000292B05D0FB7C282B06D1FB68212B03D198
:102BF000786801F053F816E07B681B686FF4806218
:102C00005A617B6A43F004037B62FB7E102B02D087
:102C1000FB7E402B07D17B681B681A687B681B68AA
:102C200042F400721A603B6ADB0A03F00103002BD6
:102C30000ED0FB691B0A03F00103002B08D07B6A4E
:102C400043F008037B627B681B686FF400625A6183
:102C50007B6A002B08D07B681A6C7B6A1A437B68FE
:102C60001A64786801F08EF800BF2837BD4680BD31
:102C700080B483B000AF786000BF0C37BD465DF80C
:102C8000047B704780B483B000AF786000BF0C371E
:102C9000BD465DF8047B704780B483B000AF7860B8
:102CA0000B46FB7013463B8000BF0C37BD465DF8FA
:102CB000047B704780B483B000AF786000BF0C37EE
:102CC000BD465DF8047B704780B483B000AF786088
:102CD00000BF0C37BD465DF8047B704780B584B0FB
:102CE00000AF78607B6893F83D30FB737B6893F8A6
:102CF0003E30BB737B68DB6ABB607B681B8D002B3F
:102D000050D1FB7B212B4DD1BB68082B1DD0BB685C
:102D1000202B1AD0BB6813F5803F16D07B681B6848
:102D20005A687B681B6822F4E0625A607B68112253
:102D30001A637B68002283F83E207B68202283F898
:102D40003D20786807F06AFA60E07B681B685A6883
:102D50007B681B6822F4E0625A607B681B681A6813
:102D60007B681B6842F400721A607B6800221A6359
:102D70007B68202283F83D207B6893F83E30DBB2ED
:102D8000402B07D17B68002283F83E20786807F04B
:102D900065FA3BE07B68002283F83E20786807F004
:102DA0003DFA33E0FB7B212B05D0BB7B402B2DD1A3
:102DB000FB7B222B2AD17B685B8D9BB2002B08D139
:102DC0007B681B685A687B681B6822F480625A60C3
:102DD0001CE07B6893F83E30DBB2402B03D178686F
:102DE00000F08EF812E07B685B6A1A787B681B68DB
:102DF0001A617B685B6A5A1C7B685A627B685B8DD0
:102E00009BB2013B9AB27B685A85FFE700BF10373F
:102E1000BD4680BD80B584B000AF78607B68DB6A5A
:102E2000FB607B6893F83D30DBB2212B64D17B687B
:102E30005B8D9BB2002B12D07B685B6A1A787B6833
:102E40001B681A617B685B6A5A1C7B685A627B68E4
:102E50005B8D9BB2013B9AB27B685A854CE0FB6864
:102E6000082B1DD0FB68202B1AD0FB6813F5803F80
:102E700016D07B681B685A687B681B6822F4E06286
:102E80005A607B6811221A637B68002283F83E2017
:102E90007B68202283F83D20786807F0BFF92BE09B
:102EA0007B681B685A687B681B6822F4E0625A6082
:102EB0007B681B681A687B681B6842F400721A60A2
:102EC0007B6800221A637B68202283F83D207B68A0
:102ED00093F83E30DBB2402B07D17B68002283F8A9
:102EE0003E20786807F0BAF906E07B68002283F894
:102EF0003E20786807F092F900BF1037BD4680BDCC
:102F000080B584B000AF78607B6893F83D30FB7388
:102F10007B681B6D002B1DD17B68DB6C012B0BD1FB
:102F20007B689B6CDAB27B681B681A617B681B6DDF
:102F30009A1C7B681A6577E07B689B6C9BB21B12BE
:102F4000DAB27B681B681A617B681B6D5A1C7B6850
:102F50001A6569E07B681B6D012B0BD17B689B6C4C
:102F6000DAB27B681B681A617B681B6D5A1C7B6830
:102F70001A6559E07B681B6D022B52D1FB7B222B1B
:102F80000DD17B681B681A687B681B6842F48072ED
:102F90001A607B681B6D5A1C7B681A6544E07B686D
:102FA0005B8D9BB2002B15D0FB7B212B12D17B6854
:102FB0005B6A1A787B681B681A617B685B6A5A1CBB
:102FC0007B685A627B685B8D9BB2013B9AB27B68DF
:102FD0005A8529E07B685B8D9BB2002B24D1FB7B5B
:102FE000212B21D17B681B685A687B681B6822F4FF
:102FF000E0625A607B681B681A687B681B6842F451
:1030000000721A607B6800221A637B68202283F8B2
:103010003D207B68002283F83E20786807F01EF987
:1030200002E07868FFF760F900BF1037BD4680BD49
:1030300080B584B000AF78607B6893F83D30DBB238
:10304000222B40F0B9807B68DB6AFB607B685B8D7C
:103050009BB2BB60BB68032B21D97B681B681A69D4
:103060007B685B6AD2B21A707B685B6A5A1C7B68A9
:103070005A627B685B8D9BB2013B9AB27B685A8532
:103080007B685B8D9BB2032B40F096807B681B684E
:103090005A687B681B6822F480625A608CE07B6807
:1030A000DB6A022B7FD0BB68012B02D0BB68002BF0
:1030B00079D1786801F0BAF80346002B4CD17B68CF
:1030C0001B681A687B681B6822F480621A607B6840
:1030D0001B685A687B681B6822F4E0625A607B6850
:1030E0001B681A697B685B6AD2B21A707B685B6A7C
:1030F0005A1C7B685A627B685B8D9BB2013B9AB21B
:103100007B685A857B68202283F83D207B6893F892
:103110003E30DBB2402B0AD17B68002283F83E2090
:103120007B6800221A63786807F0A8F844E07B689F
:10313000002283F83E20FB68082B02D0FB68202B7E
:1031400003D17B6800221A6302E07B6812221A63B3
:10315000786807F073F82FE07B681B685A687B6813
:103160001B6822F4E0625A607B681B681A697B68FE
:103170005B6AD2B21A707B685B6A5A1C7B685A62BF
:103180007B685B8D9BB2013B9AB27B685A857B68FA
:10319000202283F83D207B68002283F83E20786857
:1031A00007F07CF808E07B681B685A687B681B683E
:1031B00022F480625A60FFE700BF1037BD4680BD31
:1031C00080B584B000AF78607B68DB6AFB607B68A9
:1031D0005B8D9BB2042B1BD17B681B685A687B6894
:1031E0001B6822F480625A607B681B681A697B68DE
:1031F0005B6AD2B21A707B685B6A5A1C7B685A623F
:103200007B685B8D9BB2013B9AB27B685A85C8E0B4
:103210007B685B8D9BB2032B29D17B681B685A6846
:103220007B681B6822F480625A60FB68042B0AD01A
:10323000FB68022B07D07B681B681A687B681B68D9
:1032400022F480621A607B681B681A697B685B6A7B
:10325000D2B21A707B685B6A5A1C7B685A627B68C0
:103260005B8D9BB2013B9AB27B685A8599E07B6883
:103270005B8D9BB2022B40F08180FB68012B02D05A
:10328000FB68102B08D17B681B681A687B681B6879
:1032900022F480621A6019E0FB68042B02D0FB68FC
:1032A000022B08D17B681B681A687B681B6842F494
:1032B00080621A600AE0FB68102B07D07B681B68ED
:1032C0001A687B681B6842F400721A607B681B688E
:1032D0001A697B685B6AD2B21A707B685B6A5A1C97
:1032E0007B685A627B685B8D9BB2013B9AB27B68BC
:1032F0005A857B681B681A697B685B6AD2B21A7050
:103300007B685B6A5A1C7B685A627B685B8D9BB2E8
:10331000013B9AB27B685A857B681B685A687B6858
:103320001B6822F440725A607B68202283F83D209B
:103330007B6893F83E30DBB2402B0AD17B680022D9
:1033400083F83E207B6800221A63786806F096FFB7
:1033500027E07B68002283F83E20FB68082B02D020
:10336000FB68202B03D17B6800221A6302E07B6894
:1033700012221A63786806F061FF12E07B681B680E
:103380001A697B685B6AD2B21A707B685B6A5A1CE6
:103390007B685A627B685B8D9BB2013B9AB27B680B
:1033A0005A8500BF1037BD4680BD80B483B000AFE2
:1033B00078607B6893F83E30DBB2402B17D17B6896
:1033C0001B6D002B09D17B685B6CDBB21A467B68F6
:1033D0001B6802F0FE021A6167E07B685B6CDBB27F
:1033E00043F00103DAB27B681B681A615DE07B6819
:1033F0001B69B3F5804F33D17B6893F83D30DBB266
:10340000212B09D17B685B6CDBB21A467B681B6899
:1034100002F0FE021A6108E07B685B6CDBB243F0ED
:103420000103DAB27B681B681A617B685B6B002B57
:1034300004D07B685B6BDB6B002B08D17B689B6BDC
:10344000002B32D07B689B6BDB6B002B2DD07B6815
:103450001B685A687B681B6842F400625A6024E06B
:103460007B681B6D002B0ED17B685B6C9BB2DB1104
:10347000DBB203F00603DBB263F00F03DAB27B6862
:103480001B681A6111E07B681B6D012B0DD17B68F5
:103490005B6C9BB2DB11DBB203F00603DBB263F0C3
:1034A0000E03DAB27B681B681A6100BF0C37BD4699
:1034B0005DF8047B704780B483B000AF78607B68B0
:1034C0005B6CDAB27B681B681A617B685B6B002BF4
:1034D00004D07B685B6BDB6B002B08D17B689B6B3C
:1034E000002B0CD07B689B6BDB6B002B07D07B68C1
:1034F0001B685A687B681B6842F400625A6000BF10
:103500000C37BD465DF8047B704780B491B000AFC6
:1035100078607B6893F83E3087F83F307B68DB6AE1
:10352000BB637B681B6B7B637B6893F83D30DBB2CE
:10353000222B40F069817B681B6D002B0FD197F81F
:103540003F30402B0BD100233B637B681B685B69DA
:103550003B637B681B689B693B633B6B60E17B68FB
:103560001B6D002B1DD17B681B69B3F5404F18D133
:103570000023FB627B681B685B69FB627B681B68DE
:103580009B69FB62FB6A7B681B681A687B681B6827
:1035900042F480721A607B681B6D5A1C7B681A6546
:1035A0003EE17B685B8D9BB2002B13D10023BB6295
:1035B0007B681B685B69BB627B681B689B69BB623D
:1035C000BB6A7B681B681A687B681B6842F40072E0
:1035D0001A6015E17B685B8D9BB2012B40F08A80FD
:1035E000BB6B13F5803F37D17B681B681A687B681B
:1035F0001B6822F480621A607B681B685B6803F4B6
:103600000063B3F5006F13D17B681B681A687B6891
:103610001B6822F480621A6000237B627B681B684F
:103620005B697B627B681B689B697B627B6AE7E006
:1036300000233B627B681B685B693B627B681B689D
:103640009B693B623B6A7B681B681A687B681B68E6
:1036500042F400721A60D3E0BB6B082B2ED0BB6B18
:10366000202B2BD07B6B122B02D1BB6B012B25D1D6
:10367000BB6B042B0ED0BB6B022B0BD0BB6B102B88
:1036800008D07B681B681A687B681B6822F480621C
:103690001A6007E07B681B681A687B681B6842F445
:1036A00080621A600023FB617B681B685B69FB61B9
:1036B0007B681B689B69FB61FB69A1E07B681B68F9
:1036C0001A687B681B6822F480621A600023BB6161
:1036D0007B681B685B69BB617B681B689B69BB611E
:1036E000BB697B681B681A687B681B6842F40072C0
:1036F0001A6085E07B685B8D9BB2022B4DD1BB6B62
:10370000042B16D0BB6B022B13D0BB6B102B10D02D
:103710007B681B681A687B681B6822F480621A60E9
:103720007B681B681A687B681B6842F400621A6039
:1037300007E07B681B681A687B681B6842F480623C
:103740001A607B681B685B6803F40063B3F5006F65
:1037500017D1BB6B13F5803F0BD0BB6B012B08D08F
:10376000BB6B082B05D0BB6B102B02D0BB6B202B87
:1037700007D17B681B685A687B681B6842F48052DB
:103780005A6000237B617B681B685B697B617B6897
:103790001B689B697B617B6932E07B681B681A68E8
:1037A0007B681B6842F480621A607B681B685B68F8
:1037B00003F40063B3F5006F17D1BB6B13F5803FC3
:1037C0000BD0BB6B012B08D0BB6B082B05D0BB6BA0
:1037D000102B02D0BB6B202B07D17B681B685A686B
:1037E0007B681B6842F480525A6000233B617B680F
:1037F0001B685B693B617B681B689B693B613B693C
:103800007B6800221A650BE00023FB607B681B6865
:103810005B69FB607B681B689B69FB60FB68FFE77B
:1038200000BF4437BD465DF8047B704780B584B067
:1038300000AF78607B6893F83D30FB737B685B8DED
:103840009BB2002B2BD07B685B6A1A787B681B6865
:103850001A617B685B6A5A1C7B685A627B685B8D65
:103860009BB2013B9AB27B685A857B685B8D9BB2A9
:10387000002B14D1FB7B292B11D17B681B685A6864
:103880007B681B6822F480625A607B6821221A637D
:103890007B68282283F83D207868FFF7E9F900BFAC
:1038A0001037BD4680BD80B483B000AF78607B68C0
:1038B0005B8D9BB2002B11D07B685B6A1A787B68AA
:1038C0001B681A617B685B6A5A1C7B685A627B685A
:1038D0005B8D9BB2013B9AB27B685A8500BF0C3767
:1038E000BD465DF8047B704780B584B000AF78605A
:1038F0007B6893F83D30FB737B685B8D9BB2002B3C
:103900002CD07B681B681A697B685B6AD2B21A701C
:103910007B685B6A5A1C7B685A627B685B8D9BB2D2
:10392000013B9AB27B685A857B685B8D9BB2002B0A
:1039300014D1FB7B2A2B11D17B681B685A687B68EA
:103940001B6822F480625A607B6822221A637B68BB
:10395000282283F83D207868FFF794F900BF1037DC
:10396000BD4680BD80B483B000AF78607B685B8D5E
:103970009BB2002B12D07B681B681A697B685B6A5C
:10398000D2B21A707B685B6A5A1C7B685A627B6889
:103990005B8D9BB2013B9AB27B685A8500BF0C37A6
:1039A000BD465DF8047B704780B584B000AF786099
:1039B00039600023FB737B6893F83D30DBB203F082
:1039C0002803282B27D17B681B685A687B681B68F3
:1039D00022F480625A603B689B0803F00103002BCD
:1039E00001D10123FB733B68DB0903F00103002BCA
:1039F00003D17B68DB68BB8102E07B689B69BB818C
:103A00007B68002283F83C20BA89FB7B19467868E2
:103A1000FFF742F90EE00023BB607B681B685B691F
:103A2000BB607B681B689B69BB60BB687B680022CE
:103A300083F83C2000BF1037BD4680BD80B584B000
:103A400000AF78607B6893F83D30FB737B681B6840
:103A50005A687B681B6822F4E0625A600023BB60EE
:103A60007B681B685B69BB607B681B681A687B6846
:103A70001B6842F001021A60BB687B681B681A6809
:103A80007B681B6822F480621A607B681B685B6835
:103A900003F40063B3F5006F72D1FB7B222B02D0DD
:103AA000FB7B2A2B35D17B689B6B1B685B689AB2CA
:103AB0007B685A857B685B8D9BB2002B05D07B6849
:103AC0001B6C43F004027B681A647B681B685A68AD
:103AD0007B681B6822F400625A607B689B6B184607
:103AE000FEF7C7F80346012B49D07B689B6B694AF8
:103AF0001A657B689B6B1846FEF799F80346002B06
:103B00003DD07B689B6B1B6D7A68926B1046984723
:103B100035E07B685B6B1B685B689AB27B685A8593
:103B20007B685B8D9BB2002B05D07B681B6C43F0E0
:103B300004027B681A647B681B685A687B681B6890
:103B400022F400625A607B685B6B1846FEF791F8BE
:103B50000346012B14D07B685B6B4E4A1A657B6869
:103B60005B6B1846FEF763F80346002B08D07B68B2
:103B70005B6B1B6D7A68526B1046984700E000BF84
:103B80007B685B8D9BB2002B3ED07B681B685B69BA
:103B900003F00403042B12D17B681B681A697B684D
:103BA0005B6AD2B21A707B685B6A5A1C7B685A6285
:103BB0007B685B8D9BB2013B9AB27B685A857B68C0
:103BC0001B685B6903F04003402B12D17B681B68C4
:103BD0001A697B685B6AD2B21A707B685B6A5A1C8E
:103BE0007B685A627B685B8D9BB2013B9AB27B68B3
:103BF0005A857B685B8D9BB2002B05D07B681B6C64
:103C000043F004027B681A647B681B6C002B03D0B2
:103C1000786800F0B7F839E0FB7B2A2B09D17B6884
:103C200000221A637B68282283F83D207868FFF71A
:103C300029F87B6893F83D30DBB2282B11D17B68E3
:103C4000154ADA627B6800221A637B68202283F8B7
:103C50003D207B68002283F83E207868FFF72AF831
:103C600014E07B681B6B222B02D0FB7B222B0DD137
:103C70007B6800221A637B68202283F83D207B68E2
:103C8000002283F83E207868FEF7FCFF00BF103763
:103C9000BD4680BDE93F00080000FFFF80B584B04D
:103CA00000AF78607B6893F83D30FB737B68DB6A1C
:103CB000BB60BB68082B02D0BB68202B29D1FB7BE3
:103CC000282B26D17B682E4ADA627B681B685A68EB
:103CD0007B681B6822F4E0625A607B681B686FF4A3
:103CE00080625A617B681B681A687B681B6822F4D3
:103CF00080621A607B6800221A637B68202283F846
:103D00003D207B68002283F83E207868FEF7D2FFD2
:103D100031E0FB7B212B29D17B68194ADA627B6871
:103D200021221A637B68202283F83D207B680022D1
:103D300083F83E207B681B685A687B681B6822F406
:103D4000E0625A607B681B686FF480625A617B682E
:103D50001B681A687B681B6822F480621A607868A6
:103D6000FEF7C2FA7868FEF783FF04E07B681B6801
:103D70006FF480625A6100BF1037BD4680BD00BF3E
:103D80000000FFFF80B584B000AF78607B6893F8D7
:103D90003D30FB737B6893F83E30BB73BB7B102BCD
:103DA00002D0BB7B402B0AD1FB7B222B07D17B6847
:103DB0001B681A687B681B6822F400621A60FB7B30
:103DC00003F02803282B07D17B6800221A637B6845
:103DD000282283F83D2015E07B681B685B6803F4AC
:103DE0000063B3F5006F0AD0FB7B602B07D07B68C4
:103DF000202283F83D207B68002283F83E207B68E8
:103E000000221A637B681B685B6803F40063B3F5E8
:103E1000006F62D17B681B685A687B681B6822F45C
:103E200000625A607B685B6B93F83530DBB2012B24
:103E300020D07B685B6B6A4A1A657B685B6B1846AF
:103E4000FDF7F5FE0346002B00F089807B681B68B8
:103E50001A687B681B6822F001021A607B682022C6
:103E600083F83D207B685B6B1B6D7A68526B104654
:103E7000984774E07B689B6B594A1A657B689B6B1B
:103E80001846FDF7D4FE0346002B68D07B681B68FC
:103E90005B6903F04003402B0BD17B681B681A69F8
:103EA0007B685B6AD2B21A707B685B6A5A1C7B685B
:103EB0005A627B681B681A687B681B6822F00102E3
:103EC0001A607B68202283F83D207B689B6B1B6D0A
:103ED0007A68926B1046984741E07B6893F83D30D2
:103EE000DBB2602B25D17B68202283F83D207B68E4
:103EF00000221A647B681B685B6903F04003402B57
:103F00000BD17B681B681A697B685B6AD2B21A7036
:103F10007B685B6A5A1C7B685A627B681B681A68FC
:103F20007B681B6822F001021A607868FEF7CCFEFD
:103F300015E07B681B685B6903F04003402B0BD1E5
:103F40007B681B681A697B685B6AD2B21A707B68EF
:103F50005B6A5A1C7B685A62786806F09FF97B6836
:103F60001B6CBB60BB6803F00103002B0ED1BB6868
:103F700003F00203002B09D1BB6803F00403002BFC
:103F800004D1BB6803F00803002B07D07B681B68D3
:103F90005A687B681B6822F4E0625A607B6893F879
:103FA0003D30FB737B681B6C03F00403042B13D1BF
:103FB000FB7B282B10D17B680A4ADA627B680022DF
:103FC0001A637B68202283F83D207B68002283F8F7
:103FD0003E207868FEF76EFE00BF1037BD4680BDFC
:103FE000E93F00080000FFFF80B586B000AF7860B1
:103FF0000023FB607B689B6B7B617B6993F83D30A2
:10400000FB744B4B1B68DB084A4AA2FB03231A0ACA
:1040100013469B001344DA00D31AFB60FB68002BA5
:1040200006D17B691B6C43F020027B691A640AE0AD
:10403000FB68013BFB607B691B681B6803F4007332
:10404000B3F5007FEAD07B695B6B002B03D07B6903
:104050005B6B0022DA637B699B6B002B03D07B696F
:104060009B6B0022DA637B691B681A687B691B689B
:1040700022F480621A607B6900225A857B695B6B3F
:10408000002B03D07B695B6B00221A657B699B6BFD
:10409000002B03D07B699B6B00221A657B691B6830
:1040A0001A687B691B6822F001021A607B6993F829
:1040B0003D30DBB2602B0ED17B69202283F83D209E
:1040C0007B69002283F83E207B6900221A647869AC
:1040D000FEF7FAFD27E0FB7C03F02803282B17D11D
:1040E0007B691B681A687B691B6842F001021A60D1
:1040F0007B691B681A687B691B6842F480621A60DE
:104100007B6900221A637B69282283F83D2007E03F
:104110007B69202283F83D207B69002283F83E20C2
:10412000786906F0BBF800BF1837BD4680BD00BFF8
:104130000000002089B5F81480B584B000AFF860A5
:10414000B9603B601346FB7148E03B68B3F1FF3F49
:1041500044D0FDF7A1FB0246BB69D31A3A689A42E4
:1041600002D33B68002B39D1BB681B0CDBB2012B9F
:104170000DD1FB681B685B69DA43BB6813409BB2D7
:10418000002B0CBF01230023DBB21A460CE0FB68B6
:104190001B689B69DA43BB6813409BB2002B0CBFC2
:1041A00001230023DBB21A46FB799A4216D1FB6841
:1041B00000221A63FB68202283F83D20FB6800225E
:1041C00083F83E20FB681B6C43F02002FB681A64F6
:1041D000FB68002283F83C20012323E0BB681B0C12
:1041E000DBB2012B0DD1FB681B685B69DA43BB684E
:1041F00013409BB2002B0CBF01230023DBB21A46F5
:104200000CE0FB681B689B69DA43BB6813409BB2F8
:10421000002B0CBF01230023DBB21A46FB799A4224
:1042200093D0002318461037BD4680BD80B485B0BA
:1042300000AF78600023FB60134B1B68DB08134A58
:10424000A2FB03231A0A13469B001344FB60FB687E
:10425000013BFB60FB68002B07D17B681B6C43F0C4
:1042600020027B681A64012308E07B681B681B68D6
:1042700003F40073B3F5007FE9D000231846143728
:10428000BD465DF8047B70470000002089B5F81436
:1042900080B483B000AF78607B68DB6AB3F52A0F27
:1042A00003D17B680122DA6207E07B68DB6AB3F145
:1042B0002A4F02D17B680822DA6200BF0C37BD4664
:1042C0005DF8047B7047000080B586B000AF786071
:1042D0007B68002B01D1012367E27B681B6803F038
:1042E0000103002B75D0884B9B6803F00C03042B53
:1042F0000CD0854B9B6803F00C03082B12D1824B2A
:104300005B6803F48003B3F5800F0BD17E4B1B6811
:1043100003F40033002B5BD07B685B68002B57D124
:10432000012342E27B685B68B3F5803F06D1764BA0
:104330001B68754A43F4803313601DE07B685B683B
:10434000B3F5A02F0CD1704B1B686F4A43F4802348
:1043500013606D4B1B686C4A43F4803313600BE0B1
:10436000694B1B68684A23F480331360664B1B68F3
:10437000654A23F4802313607B685B68002B13D0AD
:10438000FDF78AFA386108E0FDF786FA02463B69D4
:10439000D31A642B01D9032307E25B4B1B6803F498
:1043A0000033002BF0D014E0FDF776FA386108E016
:1043B000FDF772FA02463B69D31A642B01D9032335
:1043C000F3E1514B1B6803F40033002BF0D100E004
:1043D00000BF7B681B6803F00203002B63D04A4BCD
:1043E0009B6803F00C03002B0BD0474B9B6803F03A
:1043F0000C03082B1CD1444B5B6803F48003002B97
:1044000016D1414B1B6803F00203002B05D07B68DB
:10441000DB68012B01D00123C7E13B4B1B6823F074
:10442000F8027B681B69DB00374913430B603AE0F5
:104430007B68DB68002B20D0344B01221A60FDF72B
:104440002BFA386108E0FDF727FA02463B69D31AD8
:10445000022B01D90323A8E12B4B1B6803F00203B5
:10446000002BF0D0284B1B6823F0F8027B681B69F7
:10447000DB00254913430B6015E0244B00221A6032
:10448000FDF70AFA386108E0FDF706FA02463B69D3
:10449000D31A022B01D9032387E11B4B1B6803F0BE
:1044A0000203002BF0D17B681B6803F00803002B8C
:1044B00036D07B685B69002B16D0154B01221A6041
:1044C000FDF7EAF9386108E0FDF7E6F902463B69D5
:1044D000D31A022B01D9032367E10B4B5B6F03F067
:1044E0000203002BF0D01BE0094B00221A60FDF7FD
:1044F000D3F938610EE0FDF7CFF902463B69D31AD4
:10450000022B07D9032350E1003802400000474244
:10451000800E4742884B5B6F03F00203002BEAD109
:104520007B681B6803F00403002B00F097800023D6
:10453000FB75814B1B6C03F08053002B0FD10023C4
:10454000BB607D4B1B6C7C4A43F0805313647A4BF9
:104550001B6C03F08053BB60BB680123FB75774B7A
:104560001B6803F48073002B18D1744B1B68734ACB
:1045700043F480731360FDF78FF9386108E0FDF7AD
:104580008BF902463B69D31A022B01D903230CE1B4
:104590006A4B1B6803F48073002BF0D07B689B6828
:1045A000012B06D1644B1B6F634A43F00103136771
:1045B0001CE07B689B68052B0CD15F4B1B6F5E4A30
:1045C00043F0040313675C4B1B6F5B4A43F001032A
:1045D00013670BE0584B1B6F574A23F00103136717
:1045E000554B1B6F544A23F0040313677B689B6889
:1045F000002B15D0FDF750F938610AE0FDF74CF9B2
:1046000002463B69D31A41F28832934201D903230F
:10461000CBE0494B1B6F03F00203002BEED014E0FC
:10462000FDF73AF938610AE0FDF736F902463B69D1
:10463000D31A41F28832934201D90323B5E03E4BAD
:104640001B6F03F00203002BEED1FB7D012B05D184
:10465000394B1B6C384A23F0805313647B689B6989
:10466000002B00F0A180344B9B6803F00C03082B57
:104670005CD07B689B69022B41D1314B00221A60D0
:10468000FDF70AF9386108E0FDF706F902463B69D3
:10469000D31A022B01D9032387E0274B1B6803F0B1
:1046A0000073002BF0D17B68DA697B681B6A1A43C0
:1046B0007B685B6A9B011A437B689B6A5B08013BD2
:1046C0001B041A437B68DB6A1B061B4913434B60C0
:1046D0001B4B01221A60FDF7DFF8386108E0FDF797
:1046E000DBF802463B69D31A022B01D903235CE0B5
:1046F000114B1B6803F00073002BF0D054E0104BFB
:1047000000221A60FDF7C8F8386108E0FDF7C4F828
:1047100002463B69D31A022B01D9032345E0064B1D
:104720001B6803F00073002BF0D13DE07B689B69B0
:10473000012B07D1012338E000380240007000400F
:10474000600047421B4B5B68FB607B689B69012BE9
:1047500028D0FB6803F480027B68DB699A4221D190
:10476000FB6803F03F027B681B6A9A421AD1FA6821
:1047700047F6C07313407A68526A9201934211D18E
:10478000FB6803F440327B689B6A5B08013B1B04B7
:104790009A4207D1FB6803F070627B68DB6A1B06F4
:1047A0009A4201D0012300E0002318461837BD4685
:1047B00080BD00BF0038024080B584B000AF786093
:1047C00039607B68002B01D10123CCE0684B1B686A
:1047D00003F007033A689A420CD9654B3A68D2B2A3
:1047E0001A70634B1B6803F007033A689A4201D0C2
:1047F0000123B8E07B681B6803F00203002B20D084
:104800007B681B6803F00403002B05D0594B9B68A1
:10481000584A43F4E05393607B681B6803F0080335
:10482000002B05D0534B9B68524A43F4604393607E
:10483000504B9B6823F0F0027B689B684D49134303
:104840008B607B681B6803F00103002B44D07B68FE
:104850005B68012B07D1474B1B6803F40033002B27
:1048600019D101237FE07B685B68022B03D07B6852
:104870005B68032B07D13F4B1B6803F00073002BD1
:1048800009D101236FE03B4B1B6803F00203002BAF
:1048900001D1012367E0374B9B6823F003027B685B
:1048A0005B68344913438B60FCF7F6FFF8600AE05D
:1048B000FCF7F2FF0246FB68D31A41F288329342BA
:1048C00001D903234FE02B4B9B6803F00C027B685C
:1048D0005B689B009A42EBD1254B1B6803F00703F2
:1048E0003A689A420CD2224B3A68D2B21A70204BE4
:1048F0001B6803F007033A689A4201D0012332E0B3
:104900007B681B6803F00403002B08D0194B9B68DD
:1049100023F4E0527B68DB68164913438B607B68A5
:104920001B6803F00803002B09D0124B9B6823F48B
:1049300060427B681B69DB000E4913438B6000F00B
:1049400021F802460B4B9B681B0903F00F030A4931
:10495000CB5C22FA03F3094A1360094B1B68184623
:10496000FCF756FF002318461037BD4680BD00BF38
:10497000003C024000380240C0F300080000002064
:10498000040000202DE9B04F90B000AF00237B63FE
:104990000023FB6300233B630023BB63594B9B68ED
:1049A00003F00C03082B0DD0082B00F2A180002B84
:1049B00002D0042B03D09BE0534BBB639BE0534BD3
:1049C000BB6398E04F4B5B6803F03F037B634D4B49
:1049D0005B6803F48003002B28D04A4B5B689B097B
:1049E00000223B627A623B6AC3F308000021474B16
:1049F00003FB01F2002300FB03F31344434AA0FB33
:104A00000212FA620A46BA62FA6A1344FB627B6BCC
:104A10000022BB61FA61D7E90623D7E90A01FCF756
:104A2000CBF802460B461346FB6353E0354B5B68FD
:104A30009B0900223B617A613B69C3F3080A4FF08E
:104A4000000B52465B464FF000004FF00001590149
:104A500041EAD261500102460B46B2EB0A0863EB11
:104A60000B094FF000024FF000034FEA891343EAAD
:104A700098634FEA8812B2EB080463EB09054FF024
:104A800000024FF00003EB0043EA5473E2001446C7
:104A90001D4614EB0A033B6045EB0B037B604FF0B4
:104AA00000024FF00003D7E9004529468B0221465A
:104AB00043EA915321468A02104619467B6B002235
:104AC000BB60FA60D7E90223FCF776F802460B4692
:104AD0001346FB630B4B5B681B0C03F003030133B2
:104AE0005B003B63FA6B3B6BB2FBF3F3BB6302E02F
:104AF000054BBB6300BFBB6B18464037BD46BDE8E6
:104B0000B08F00BF003802400024F40040787D01DF
:104B100080B400AF034B1B681846BD465DF8047BAC
:104B2000704700BF0000002080B500AFFFF7F0FF26
:104B30000246054B9B689B0A03F007030349CB5CC5
:104B400022FA03F3184680BD00380240D0F3000873
:104B500080B500AFFFF7DCFF0246054B9B685B0B9F
:104B600003F007030349CB5C22FA03F3184680BD28
:104B700000380240D0F3000880B582B000AF786002
:104B80007B68002B01D1012341E07B6893F83D3025
:104B9000DBB2002B06D17B68002283F83C207868CA
:104BA000FCF714FD7B68022283F83D207B681A68BD
:104BB0007B6804331946104600F0ACFA7B6801228A
:104BC00083F846207B68012283F83E207B6801221F
:104BD00083F83F207B68012283F840207B68012214
:104BE00083F841207B68012283F842207B68012200
:104BF00083F843207B68012283F844207B680122EC
:104C000083F845207B68012283F83D200023184665
:104C10000837BD4680BD000080B485B000AF786025
:104C20007B6893F83D30DBB2012B01D0012344E0D7
:104C30007B68022283F83D207B681B68DA687B680A
:104C40001B6842F00102DA607B681B681E4A9342CF
:104C500018D07B681B68B3F1804F13D07B681B684A
:104C60001A4A93420ED07B681B68194A934209D0B6
:104C70007B681B68174A934204D07B681B68164AFE
:104C8000934211D17B681B689B6803F00703FB60AC
:104C9000FB68062B10D07B681B681A687B681B6852
:104CA00042F001021A6007E07B681B681A687B68A3
:104CB0001B6842F001021A60002318461437BD46F3
:104CC0005DF8047B704700BF000001400004004015
:104CD00000080040000C00400040014080B483B058
:104CE00000AF78607B681B68DA687B681B6822F01D
:104CF0000102DA607B681B681A6A41F211131340E3
:104D0000002B0FD17B681B681A6A40F244431340A2
:104D1000002B07D17B681B681A687B681B6822F030
:104D200001021A607B68012283F83D2000231846A7
:104D30000C37BD465DF8047B704780B584B000AF8A
:104D400078607B681B68DB68FB607B681B681B699D
:104D5000BB60BB6803F00203002B20D0FB6803F0AC
:104D60000203002B1BD07B681B686FF002021A61E4
:104D70007B6801221A777B681B689B6903F0030339
:104D8000002B03D0786800F099F905E0786800F00E
:104D90008BF9786800F09CF97B6800221A77BB6871
:104DA00003F00403002B20D0FB6803F00403002B66
:104DB0001BD07B681B686FF004021A617B680222BB
:104DC0001A777B681B689B6903F44073002B03D040
:104DD000786800F073F905E0786800F065F97868A4
:104DE00000F076F97B6800221A77BB6803F00803AD
:104DF000002B20D0FB6803F00803002B1BD07B683E
:104E00001B686FF008021A617B6804221A777B68BE
:104E10001B68DB6903F00303002B03D0786800F004
:104E20004DF905E0786800F03FF9786800F050F936
:104E30007B6800221A77BB6803F01003002B20D098
:104E4000FB6803F01003002B1BD07B681B686FF01E
:104E500010021A617B6808221A777B681B68DB697D
:104E600003F44073002B03D0786800F027F905E0C5
:104E7000786800F019F9786800F02AF97B68002258
:104E80001A77BB6803F00103002B0CD0FB6803F01A
:104E90000103002B07D07B681B686FF001021A61C9
:104EA000786805F003FBBB6803F08003002B0CD08F
:104EB000FB6803F08003002B07D07B681B686FF052
:104EC00080021A61786800F0C3FABB6803F04003FF
:104ED000002B0CD0FB6803F04003002B07D07B684D
:104EE0001B686FF040021A61786800F0FBF8BB683D
:104EF00003F02003002B0CD0FB6803F02003002BF1
:104F000007D07B681B686FF020021A61786800F098
:104F100095FA00BF1037BD4680BD80B584B000AFA4
:104F2000786039600023FB737B6893F83C30012B79
:104F300001D10223B4E07B68012283F83C207B6826
:104F4000022283F83D207B681B689B68BB60BB68BE
:104F500023F07703BB60BB6823F47F43BB607B68AF
:104F60001B68BA689A603B681B68B3F5005F3ED067
:104F7000B3F5005F00F28780B3F5805F00F08680B4
:104F8000B3F5805F7FD8702B1AD0702B7BD8602B45
:104F900050D0602B77D8502B3CD0502B73D8402B5F
:104FA00058D0402B6FD8302B64D0302B6BD8202BAF
:104FB00060D0202B67D8002B5CD0102B5AD062E039
:104FC0007B6818683B6899683B685A683B68DB688F
:104FD00000F0A6F97B681B689B68BB60BB6843F068
:104FE0007703BB607B681B68BA689A604FE07B6898
:104FF00018683B6899683B685A683B68DB6800F052
:105000008FF97B681B689A687B681B6842F4804252
:105010009A603CE07B6818683B6859683B68DB68CD
:105020001A4600F003F97B681B685021184600F00F
:105030005CF92CE07B6818683B6859683B68DB6862
:105040001A4600F022F97B681B686021184600F0C0
:105050004CF91CE07B6818683B6859683B68DB6862
:105060001A4600F0E3F87B681B684021184600F000
:105070003CF90CE07B681A683B681B6819461046CF
:1050800000F033F903E00123FB7300E000BF7B680D
:10509000012283F83D207B68002283F83C20FB7BC3
:1050A00018461037BD4680BD80B483B000AF78602D
:1050B00000BF0C37BD465DF8047B704780B483B0F9
:1050C00000AF786000BF0C37BD465DF8047B7047C9
:1050D00080B483B000AF786000BF0C37BD465DF888
:1050E000047B704780B483B000AF786000BF0C379A
:1050F000BD465DF8047B704780B483B000AF786034
:105100007B6893F83D30DBB218460C37BD465DF83E
:10511000047B704780B485B000AF786039607B68ED
:105120001B68FB607B683A4A93420FD07B68B3F1FF
:10513000804F0BD07B68374A934207D07B68364A52
:10514000934203D07B68354A934208D1FB6823F031
:105150007003FB603B685B68FA681343FB607B6825
:105160002B4A93421BD07B68B3F1804F17D07B68EA
:10517000284A934213D07B68274A93420FD07B681A
:10518000264A93420BD07B68254A934207D07B681E
:10519000244A934203D07B68234A934208D1FB6898
:1051A00023F44073FB603B68DB68FA681343FB60E1
:1051B000FB6823F080023B685B691343FB607B68FC
:1051C000FA681A603B689A687B68DA623B681A681A
:1051D0007B689A627B680E4A934203D13B681A69E6
:1051E0007B681A637B6801225A617B681B6903F044
:1051F0000103012B05D17B681B6923F001027B6849
:105200001A6100BF1437BD465DF8047B704700BFCC
:10521000000001400004004000080040000C004075
:1052200000400140004401400048014080B487B084
:1052300000AFF860B9607A60FB681B6A7B61FB684D
:105240001B6A23F00102FB681A62FB689B693B61E1
:105250003B6923F0F0033B617B681B013A69134310
:105260003B617B6923F00A037B617A69BB68134366
:105270007B61FB683A699A61FB687A691A6200BFD0
:105280001C37BD465DF8047B704780B487B000AF23
:10529000F860B9607A60FB681B6A7B61FB681B6A17
:1052A00023F01002FB681A62FB689B693B613B6953
:1052B00023F470433B617B681B033A6913433B61F2
:1052C0007B6923F0A0037B61BB681B017A691343F0
:1052D0007B61FB683A699A61FB687A691A6200BF70
:1052E0001C37BD465DF8047B704780B485B000AFC5
:1052F000786039607B689B68FB60FB6823F0700313
:10530000FB603A68FB68134343F00703FB607B686C
:10531000FA689A6000BF1437BD465DF8047B704799
:1053200080B487B000AFF860B9607A603B60FB681A
:105330009B687B617B6923F47F437B613B681A0236
:105340007B681A43BB6813437A6913437B61FB682C
:105350007A699A6000BF1C37BD465DF8047B7047D0
:1053600080B485B000AF786039607B6893F83C30DA
:10537000012B01D1022350E07B68012283F83C20FD
:105380007B68022283F83D207B681B685B68FB60BA
:105390007B681B689B68BB60FB6823F07003FB6045
:1053A0003B681B68FA681343FB607B681B68FA68FC
:1053B0005A607B681B681C4A934218D07B681B6844
:1053C000B3F1804F13D07B681B68184A93420ED00C
:1053D0007B681B68164A934209D07B681B68154A94
:1053E000934204D07B681B68134A93420CD1BB687C
:1053F00023F08003BB603B685B68BA681343BB6003
:105400007B681B68BA689A607B68012283F83D203C
:105410007B68002283F83C20002318461437BD46E1
:105420005DF8047B704700BF0000014000040040AD
:1054300000080040000C00400040014080B483B0F0
:1054400000AF786000BF0C37BD465DF8047B704745
:1054500080B483B000AF786000BF0C37BD465DF804
:10546000047B704780B582B000AF78607B68002B0A
:1054700001D1012342E07B6893F84130DBB2002B7D
:1054800006D17B68002283F840207868FCF7F0F8AA
:105490007B68242283F841207B681B68DA687B687C
:1054A0001B6822F40052DA60786800F0A9FD7B687E
:1054B0001B681A697B681B6822F490421A617B683A
:1054C0001B685A697B681B6822F02A025A617B6854
:1054D0001B68DA687B681B6842F40052DA607B68FC
:1054E00000225A647B68202283F841207B682022B6
:1054F00083F842207B6800225A630023184608374D
:10550000BD4680BD80B58AB002AFF860B9603B602F
:105510001346FB8000237B61FB6893F84130DBB2CC
:10552000202B75D1BB68002B02D0FB88002B01D14A
:1055300001236EE0FB6800225A64FB68212283F895
:105540004120FCF7A9F97861FB68FA889A84FB6826
:10555000FA88DA84FB689B68B3F5805F08D1FB6842
:105560001B69002B04D10023FB61BB68BB6103E016
:10557000BB68FB610023BB612EE03B6800937B6945
:1055800000228021F86800F00BFB0346002B05D0B9
:10559000FB68202283F8412003233AE0FB69002BBB
:1055A0000BD1BB691B881A46FB681B68C2F3080253
:1055B0005A60BB690233BB6107E0FB691A78FB687C
:1055C0001B685A60FB690133FB61FB68DB8C9BB293
:1055D000013B9AB2FB68DA84FB68DB8C9BB2002B40
:1055E000CBD13B6800937B6900224021F86800F032
:1055F000D7FA0346002B05D0FB68202283F8412010
:10560000032306E0FB68202283F84120002300E00A
:10561000022318462037BD4680BD80B584B000AF58
:10562000F860B9601346FB80FB6893F84230DBB248
:10563000202B12D1BB68002B02D0FB88002B01D19C
:1056400001230BE0FB6800221A63FB881A46B96845
:10565000F86800F0FEFA034600E00223184610370F
:10566000BD4680BD80B5BAB000AF78607B681B686E
:105670001B68C7F8E4307B681B68DB68C7F8E0305C
:105680007B681B685B69C7F8DC300023C7F8D8303B
:105690000023C7F8D430D7F8E43003F00F03C7F87D
:1056A000D830D7F8D830002B0FD1D7F8E43003F03A
:1056B0002003002B09D0D7F8E03003F02003002BA3
:1056C00003D0786800F0DEFB5BE2D7F8D830002B1F
:1056D00000F0DE80D7F8DC3003F00103002B06D1A8
:1056E000D7F8E03003F49073002B00F0D180D7F8A6
:1056F000E43003F00103002B0BD0D7F8E03003F4C3
:105700008073002B05D07B685B6C43F001027B68E3
:105710005A64D7F8E43003F00403002B0BD0D7F819
:10572000DC3003F00103002B05D07B685B6C43F099
:1057300002027B685A64D7F8E43003F00203002BBE
:105740000BD0D7F8DC3003F00103002B05D07B68C9
:105750005B6C43F004027B685A64D7F8E43003F0D2
:105760000803002B11D0D7F8E03003F02003002B02
:1057700005D1D7F8DC3003F00103002B05D07B689E
:105780005B6C43F008027B685A647B685B6C002B9F
:1057900000F0F281D7F8E43003F02003002B08D0AA
:1057A000D7F8E03003F02003002B02D0786800F037
:1057B00069FB7B681B685B6903F04003402B0CBFEF
:1057C00001230023DBB2C7F8D4307B685B6C03F0A5
:1057D0000803002B03D1D7F8D430002B4FD07868C2
:1057E00000F071FA7B681B685B6903F04003402B93
:1057F00041D17B681B681433C7F89C30D7F89C30C4
:1058000053E8003FC7F89830D7F8983023F04003AA
:10581000C7F8D0307B681B681433D7F8D020C7F89E
:10582000A820C7F8A430D7F8A410D7F8A82041E8DA
:105830000023C7F8A030D7F8A030002BD9D17B685F
:10584000DB6B002B13D07B68DB6B7E4A1A657B68B1
:10585000DB6B1846FCF7EBF90346002B16D07B6890
:10586000DB6B1B6D7A68D26B104698470EE0786848
:1058700004F0B4FF0AE0786804F0B0FF06E078684E
:1058800004F0ACFF7B6800225A6475E100BF73E14D
:105890007B681B6B012B40F04F81D7F8E43003F09D
:1058A0001003002B00F04881D7F8E03003F010031C
:1058B000002B00F041810023BB607B681B681B68E4
:1058C000BB607B681B685B68BB60BB687B681B68F0
:1058D0005B6903F04003402B40F0B6807B68DB6BD4
:1058E0001B685B68A7F8BE30B7F8BE30002B00F02D
:1058F00045817B689B8DB7F8BE209A4280F03E813F
:105900007B68B7F8BE20DA857B68DB6BDB69B3F5B3
:10591000807F00F088807B681B680C33C7F8883074
:10592000D7F8883053E8003FC7F88430D7F8843080
:1059300023F48073C7F8B8307B681B680C33D7F842
:10594000B820C7F89420C7F89030D7F89010D7F84F
:10595000942041E80023C7F88C30D7F88C30002B16
:10596000D9D17B681B6814337B677B6F53E8003F9A
:105970003B673B6F23F00103C7F8B4307B681B68BB
:105980001433D7F8B420C7F88020FB67F96FD7F835
:10599000802041E80023BB67BB6F002BE1D17B680F
:1059A0001B6814333B663B6E53E8003FFB65FB6DA1
:1059B00023F04003C7F8B0307B681B681433D7F876
:1059C000B020FA66BB66B96EFA6E41E800237B66CA
:1059D0007B6E002BE3D17B68202283F842207B681A
:1059E00000221A637B681B680C33FB64FB6C53E872
:1059F000003FBB64BB6C23F01003C7F8AC307B687E
:105A00001B680C33D7F8AC20BA657B65796DBA6D2D
:105A100041E800233B653B6D002BE3D17B68DB6BEA
:105A20001846FCF794F87B6802225A637B689A8DCB
:105A30007B68DB8D9BB2D31A9BB21946786800F065
:105A4000A3F89BE08D5D00087B689A8D7B68DB8DF9
:105A50009BB2D31AA7F8CE307B68DB8D9BB2002BAC
:105A600000F08E80B7F8CE30002B00F089807B6884
:105A70001B680C33BB63BB6B53E8003F7B637B6BE2
:105A800023F49073C7F8C8307B681B680C33D7F8D1
:105A9000C8207A643B64396C7A6C41E80023FB636C
:105AA000FB6B002BE3D17B681B6814337B627B6A42
:105AB00053E8003F3B623B6A23F00103C7F8C43060
:105AC0007B681B681433D7F8C4203A63FB62F96A19
:105AD0003A6B41E80023BB62BB6A002BE3D17B68D1
:105AE000202283F842207B6800221A637B681B68AF
:105AF0000C333B613B6953E8003FFB60FB6823F0DC
:105B00001003C7F8C0307B681B680C33D7F8C0207F
:105B1000FA61BB61B969FA6941E800237B617B697D
:105B2000002BE3D17B6802225A63B7F8CE301946C6
:105B3000786800F029F823E0D7F8E43003F0800318
:105B4000002B09D0D7F8E03003F08003002B03D0FE
:105B5000786800F02FF914E0D7F8E43003F0400340
:105B6000002B0ED0D7F8E03003F04003002B08D014
:105B7000786800F06FF904E000BF02E000BF00E0C9
:105B800000BFE837BD4680BD80B483B000AF786009
:105B90000B467B8000BF0C37BD465DF8047B704729
:105BA00080B586B000AFF860B9603B601346FB710A
:105BB0003BE03B6AB3F1FF3F37D0FBF76DFE024697
:105BC0003B68D31A3A6A9A4202D33B6A002B01D14E
:105BD00003233AE0FB681B68DB6803F00403002B37
:105BE00023D0BB68802B20D0BB68402B1DD0FB6826
:105BF0001B681B6803F00803082B16D100237B6188
:105C0000FB681B681B687B61FB681B685B687B61CA
:105C10007B69F86800F057F8FB6808225A64FB6853
:105C2000002283F8402001230FE0FB681B681A68FC
:105C3000BB681340BA689A420CBF01230023DBB251
:105C40001A46FB799A42B4D0002318461837BD464D
:105C500080BD80B485B000AFF860B9601346FB80AA
:105C6000FB68BA689A62FB68FA889A85FB68FA88CA
:105C7000DA85FB6800225A64FB68222283F84220FE
:105C8000FB681B69002B07D0FB681B68DA68FB68A0
:105C90001B6842F48072DA60FB681B685A69FB6813
:105CA0001B6842F001025A61FB681B68DA68FB68F6
:105CB0001B6842F02002DA60002318461437BD4604
:105CC0005DF8047B704780B495B000AF78607B6866
:105CD0001B680C337B637B6B53E8003F3B633B6B80
:105CE00023F49073FB647B681B680C33FA6C3A6492
:105CF000FB63F96B3A6C41E80023BB63BB6B002B81
:105D0000E5D17B681B6814333B623B6A53E8003F74
:105D1000FB61FB6923F00103BB647B681B681433E0
:105D2000BA6CFA62BB62B96AFA6A41E800237B6224
:105D30007B6A002BE5D17B681B6B012B19D17B683B
:105D40001B680C33FB60FB6853E8003FBB60BB681B
:105D500023F010037B647B681B680C337A6CBA6198
:105D60007B617969BA6941E800233B613B69002B9B
:105D7000E5D17B68202283F842207B6800221A63E9
:105D800000BF5437BD465DF8047B704780B584B0D2
:105D900000AF78607B689B6BFB60FB680022DA8554
:105DA000FB680022DA84F86804F018FD00BF1037A1
:105DB000BD4680BD80B485B000AF78607B6893F845
:105DC0004130DBB2212B3ED17B689B68B3F5805F0D
:105DD00014D17B681B69002B10D17B681B6AFB60A8
:105DE000FB681B881A467B681B68C2F308025A606E
:105DF0007B681B6A9A1C7B681A6208E07B681B6AD6
:105E0000591C7A6811621A787B681B685A607B6833
:105E1000DB8C9BB2013B9BB27A681946D184002B84
:105E20000FD17B681B68DA687B681B6822F08002F0
:105E3000DA607B681B68DA687B681B6842F04002A6
:105E4000DA60002300E0022318461437BD465DF8EF
:105E5000047B704780B582B000AF78607B681B68B8
:105E6000DA687B681B6822F04002DA607B682022D7
:105E700083F84120786804F099FC0023184608371D
:105E8000BD4680BD80B58CB000AF78607B6893F86C
:105E90004230DBB2222B40F0AE807B689B68B3F5CA
:105EA000805F17D17B681B69002B13D10023FB6235
:105EB0007B689B6ABB627B681B685B689BB2C3F3B1
:105EC00008039AB2BB6A1A807B689B6A9A1C7B683B
:105ED0009A6226E07B689B6AFB620023BB627B6858
:105EE0009B68B3F5805F07D07B689B68002B0AD165
:105EF0007B681B69002B06D17B681B685B68DAB284
:105F0000FB6A1A7008E07B681B685B68DBB203F011
:105F10007F03DAB2FB6A1A707B689B6A5A1C7B6843
:105F20009A627B68DB8D9BB2013B9BB27A68194613
:105F3000D185002B5DD17B681B68DA687B681B68A4
:105F400022F02002DA607B681B68DA687B681B68D5
:105F500022F48072DA607B681B685A697B681B6870
:105F600022F001025A617B68202283F842207B687C
:105F700000225A637B681B6B012B35D17B680022A2
:105F80001A637B681B680C337B617B6953E8003FB5
:105F90003B613B6923F010037B627B681B680C3319
:105FA0007A6A3A62FB61F9693A6A41E80023BB61A7
:105FB000BB69002BE5D17B681B681B6803F01003ED
:105FC000102B0AD10023FB607B681B681B68FB60F9
:105FD0007B681B685B68FB60FB687B689B8D194670
:105FE0007868FFF7D1FD02E0786804F0EBFB00234E
:105FF00002E0002300E0022318463037BD4680BD92
:106000002DE9B04FC0B000AFC7F8F400D7F8F430B6
:106010001B681B6923F44050D7F8F430D968D7F8CF
:10602000F4301A6840EA01031361D7F8F4309A6833
:10603000D7F8F4301B691A43D7F8F4305B691A4378
:10604000D7F8F430DB691343C7F8F830D7F8F430E9
:106050001B68DB6823F4164121F00C01D7F8F430FB
:106060001A68D7F8F8300B43D360D7F8F4301B68C0
:106070005B6923F44070D7F8F4309969D7F8F430AD
:106080001A6840EA01035361D7F8F4301A688F4B5D
:106090009A4205D0D7F8F4301A688D4B9A4204D151
:1060A000FEF756FDC7F8FC0003E0FEF73DFDC7F81C
:1060B000FC00D7F8F430DB69B3F5004F40F00C81F9
:1060C000D7F8FC300022C7F8E830C7F8EC20D7E951
:1060D0003A4522462B469118B9655B41FB65D7E9E5
:1060E0001623214612EB0108294643EB01094FF024
:1060F00000024FF000034FEAC90343EA58734FEA26
:10610000C80290469946234618EB0303C7F8E030CF
:106110002B4649EB0303C7F8E430D7F8F4305B684B
:106120000022C7F8D830C7F8DC20D7E936120B4672
:10613000DB183B65134642EB03037B65D7E9142369
:10614000D7E93801FAF738FD02460B46614BA3FB4D
:1061500002235B091C01D7F8FC300022C7F8D030BD
:10616000C7F8D420D7E9348942464B469118B96420
:106170005B41FB64D7E91223414612EB010A494611
:1061800043EB010B4FF000024FF000034FEACB034B
:1061900043EA5A734FEACA0292469B4643461AEBB9
:1061A0000303C7F8C8304B464BEB0303C7F8CC30AA
:1061B000D7F8F4305B680022C7F8C030C7F8C420B5
:1061C000D7E930120B46DB183B64134642EB03035E
:1061D0007B64D7E91023D7E93201FAF7EDFC0246D8
:1061E0000B4611463B4BA3FB01235B09642202FBD8
:1061F00003F3CB1ADB0003F13202364BA3FB02237D
:106200005B095B0003F4F8731C44D7F8FC300022F0
:10621000C7F8B830C7F8BC20D7E92E8942464B46AC
:106220009118B9635B41FB63D7E90E2341465118CE
:10623000396349464B417B634FF000024FF0000346
:10624000D7E90CAB5946CB00514643EA517351464E
:10625000CA0010461946034642469B18C7F8B0309C
:106260004B460A4642EB0303C7F8B430D7F8F43084
:106270005B680022C7F8A830C7F8AC20D7E92A121B
:106280000B46DB18BB62134642EB0303FB62D7E904
:106290000A23D7E92C01FAF78FFC02460B460D4B77
:1062A000A3FB02135B09642101FB03F3D31ADB0098
:1062B0003233084AA2FB03235B0903F00702D7F835
:1062C000F4301B6822449A6006E100BF00100140D0
:1062D000001401401F85EB51D7F8FC300022C7F8AD
:1062E000A030C7F8A420D7E9288942464B46911828
:1062F00039625B417B62D7E908234146541849461D
:1063000043EB01054FF000024FF00003EB0043EABE
:106310005473E20014461D464346E318C7F898300C
:106320004B4645EB0303C7F89C30D7F8F4305B6865
:106330000022C7F89030C7F894204FF000024FF0C9
:106340000003D7E9244529468B00214643EA91738F
:1063500021468A00D7E92601FAF72EFC02460B46B1
:10636000604BA3FB02235B091C01D7F8FC30002221
:10637000C7F88830C7F88C20D7E9228942464B46B7
:106380009118B9615B41FB61D7E906234146511879
:10639000396149464B417B614FF000024FF00003E9
:1063A000D7E904AB5946CB00514643EA51735146F5
:1063B000CA0010461946034642469B18C7F880306B
:1063C0004B460A4642EB0303C7F88430D7F8F43053
:1063D0005B680022BB67FA674FF000024FF00003D2
:1063E000D7E91E8949468B00414643EA91734146ED
:1063F0008A00D7E92001FAF7DFFB02460B46114677
:10640000384BA3FB01235B09642202FB03F3CB1A85
:106410001B013233334AA2FB03235B0903F0F00371
:106420001C44D7F8FC3000223B677A67D7E91C8907
:1064300042464B469118B9605B41FB60D7E90223A5
:1064400041465118396049464B417B604FF000028C
:106450004FF00003D7E900AB5946CB00514643EA61
:1064600051735146CA0010461946034642469B18CE
:10647000BB664B460A4642EB0303FB66D7F8F43093
:106480005B6800223B667A664FF000024FF0000323
:10649000D7E9188949468B00414643EA9173414642
:1064A0008A00D7E91A01FAF787FB02460B460D4B23
:1064B000A3FB02135B09642101FB03F3D31A1B0145
:1064C0003233084AA2FB03235B0903F00F02D7F81B
:1064D000F4301B6822449A6000BF07F58077BD4600
:1064E000BDE8B08F1F85EB5180B483B000AF034689
:1064F0003960FB7197F90730002B0ADB3B68DAB291
:106500000C4997F907301201D2B20B4483F80023EB
:106510000AE03B68DAB20849FB7903F00F03043B59
:106520001201D2B20B441A7600BF0C37BD465DF89B
:10653000047B704700E100E000ED00E080B500AFB3
:1065400000216FF00400FFF7CFFF00BF80BD000007
:1065500080B483B000AFEFF305833B603B68002B52
:1065600003D06FF005037B600CE00A4B1B68002B27
:1065700005D1084B01221A6000237B6002E04FF036
:10658000FF337B607B6818460C37BD465DF8047BA3
:10659000704700BFE003002080B582B000AFEFF38A
:1065A00005833B603B68002B03D06FF005037B60E5
:1065B00010E00B4B1B68012B09D1FFF7BFFF084B05
:1065C00002221A6001F07EFA00237B6002E04FF0A5
:1065D000FF337B607B6818460837BD4680BD00BF2F
:1065E000E003002080B582B000AFEFF305833B608D
:1065F0003B68002B03D001F089FB786002E001F0DA
:1066000075FB78607B6818460837BD4680BD80B54D
:106610008EB004AFF860B9607A6000233B61EFF39D
:1066200005837B617B69002B7FD1FB68002B7CD0CD
:106630004FF440733B621823FB6100237B624FF0F1
:10664000FF33BB617B68002B45D07B681B68002B48
:1066500002D07B681B687B627B689B69002B02D041
:106660007B689B69FB61FB69002B08D0FB69382BB9
:1066700005D87B685B6803F00103002B01D0002381
:1066800054E07B685B69002B03D07B685B699B08E7
:106690003B627B689B68002B0ED07B68DB685B2BC2
:1066A0000AD97B681B69002B06D07B685B69002BCD
:1066B00002D00123BB6110E07B689B68002B0CD1EA
:1066C0007B68DB68002B08D17B681B69002B04D139
:1066D0000023BB6101E00023BB61BB69012B10D12A
:1066E0007B681B697A68926802920193FB69009348
:1066F000BB683A6A796AF86801F008F803463B61BA
:1067000013E0BB69002B10D13B6A9AB207F110036A
:106710000193FB690093BB68796AF86801F056F849
:106720000346012B01D000233B613B691846283703
:10673000BD4680BD80B584B000AF7860EFF30583BF
:10674000BB60BB68002B03D06FF00503FB6007E064
:106750000023FB607B68002B02D0786801F07CF995
:10676000FB6818461037BD4680BD80B58AB002AFC1
:10677000F860B9607A600023FB61EFF305833B6149
:106780003B69002B5FD1FB68002B5CD0BB68002B02
:1067900059D04FF0FF33BB617B68002B29D07B6859
:1067A0009B68002B12D07B68DB684F2B0ED97B686F
:1067B0001B69002B0AD07B685A69FB68B96801FB2A
:1067C00003F39A4202D30123BB6114E07B689B6808
:1067D000002B10D17B68DB68002B0CD17B681B6918
:1067E000002B08D17B685B69002B04D10023BB61BF
:1067F00001E00023BB61BB69012B0BD17B681A69E7
:106800007B689B6800210091B968F86800F030FA55
:10681000F86108E0BB69002B05D10022B968F8686F
:1068200000F0A3FAF861FB69002B0CD07B68002B09
:1068300003D07B681B687B6101E000237B61796981
:10684000F86900F005FFFB6918462037BD4680BD9A
:1068500080B588B000AFF860B9603B601346FB714B
:10686000FB68BB610023FB61EFF305837B617B6900
:10687000002B28D0BB69002B05D0BB68002B02D0B1
:106880003B68002B03D06FF00303FB6138E000236B
:106890003B6107F110020023B968B86900F0C6FB3C
:1068A0000346012B03D06FF00203FB6128E03B6934
:1068B000002B25D0154B4FF080521A60BFF34F8F3D
:1068C000BFF36F8F1CE0BB69002B02D0BB68002BAD
:1068D00003D16FF00303FB6112E000233A68B9684B
:1068E000B86900F0A1FA0346012B09D03B68002BE0
:1068F00003D06FF00103FB6102E06FF00203FB6164
:10690000FB6918462037BD4680BD00BF04ED00E09E
:1069100080B588B000AFF860B9607A603B60FB6812
:10692000BB610023FB61EFF305837B617B69002B77
:1069300028D0BB69002B05D0BB68002B02D03B6878
:10694000002B03D06FF00303FB6137E000233B61B2
:1069500007F110031A46B968B86900F0E7FC03466E
:10696000012B03D06FF00203FB6127E03B69002B92
:1069700024D0154B4FF080521A60BFF34F8FBFF3F6
:106980006F8F1BE0BB69002B02D0BB68002B03D1CB
:106990006FF00303FB6111E03A68B968B86900F071
:1069A000E3FB0346012B09D03B68002B03D06FF0BB
:1069B0000103FB6102E06FF00203FB61FB69184613
:1069C0002037BD4680BD00BF04ED00E080B485B037
:1069D00000AFF860B9607A60FB68074A1A60BB686C
:1069E000064A1A607B684FF440721A6000BF143781
:1069F000BD465DF8047B7047E4030020400400209E
:106A000080B485B000AFF860B9607A60FB68074A6F
:106A10001A60BB68064A1A607B684FF4C0621A604D
:106A200000BF1437BD465DF8047B7047401000205E
:106A30009C10002080B483B000AF78607B6803F1C5
:106A400008027B685A607B684FF0FF329A607B686F
:106A500003F108027B68DA607B6803F108027B6857
:106A60001A617B6800221A6000BF0C37BD465DF8D2
:106A7000047B704780B483B000AF78607B680022ED
:106A80001A6100BF0C37BD465DF8047B704780B4C7
:106A900085B000AF786039607B685B68FB603B68FD
:106AA000FA685A60FB689A683B689A60FB689B6862
:106AB0003A685A60FB683A689A603B687A681A617B
:106AC0007B681B685A1C7B681A6000BF1437BD4680
:106AD0005DF8047B704780B485B000AF78603960A2
:106AE0003B681B68BB60BB68B3F1FF3F03D17B68A9
:106AF0001B69FB600CE07B680833FB6002E0FB680D
:106B00005B68FB60FB685B681B68BA689A42F6D2F8
:106B1000FB685A683B685A603B685B683A689A60F1
:106B20003B68FA689A60FB683A685A603B687A6822
:106B30001A617B681B685A1C7B681A6000BF143797
:106B4000BD465DF8047B704780B485B000AF7860C7
:106B50007B681B69FB607B685B687A6892689A60F7
:106B60007B689B687A6852685A60FB685B687A68E1
:106B70009A4203D17B689A68FB685A607B6800225E
:106B80001A61FB681B685A1EFB681A60FB681B6869
:106B900018461437BD465DF8047B704780B584B055
:106BA00000AF786039607B68FB60FB68002B0BD11D
:106BB0004FF0500383F31188BFF36F8FBFF34F8FF4
:106BC000BB6000BF00BFFDE702F046F9FB681A6832
:106BD000FB68DB6BF968096C01FB03F31A44FB6883
:106BE0009A60FB6800229A63FB681A68FB685A6027
:106BF000FB681A68FB68DB6B013BF968096C01FBF9
:106C000003F31A44FB68DA60FB68FF2283F8442030
:106C1000FB68FF2283F845203B68002B14D1FB68FA
:106C20001B69002B1AD0FB681033184601F0EAF9F3
:106C30000346002B12D00D4B4FF080521A60BFF369
:106C40004F8FBFF36F8F09E0FB6810331846FFF7D3
:106C5000F1FEFB6824331846FFF7ECFE02F02EF934
:106C6000012318461037BD4680BD00BF04ED00E08B
:106C700080B58EB002AFF860B9607A603B60FB68A7
:106C8000002B0BD14FF0500383F31188BFF36F8FAC
:106C9000BFF34F8FBB6200BF00BFFDE73B68002B17
:106CA0000BD14FF0500383F31188BFF36F8FBFF305
:106CB0004F8F7B6200BF00BFFDE77B68002B02D0D7
:106CC000BB68002B01D0012300E00023002B0BD177
:106CD0004FF0500383F31188BFF36F8FBFF34F8FD3
:106CE0003B6200BF00BFFDE77B68002B02D1BB68A1
:106CF000002B01D1012300E00023002B0BD14FF02A
:106D0000500383F31188BFF36F8FBFF34F8FFB6185
:106D100000BF00BFFDE750237B617B69502B0BD088
:106D20004FF0500383F31188BFF36F8FBFF34F8F82
:106D3000BB6100BF00BFFDE77B693B68FB62FB6A8C
:106D4000002B0DD0FB6A012283F8462097F83820EB
:106D5000FB6A009313467A68B968F86800F040F857
:106D6000FB6A18463037BD4680BD80B58AB002AF99
:106D7000F860B9601346FB71FB68002B0BD14FF034
:106D8000500383F31188BFF36F8FBFF34F8F3B61C5
:106D900000BF00BFFDE7FB68BA6802FB03F3FB61BD
:106DA000FB695033184602F079F9B861BB69002BD2
:106DB00011D0BB697B617B6950337B61BB69002269
:106DC00083F84620FA79BB69009313467A69B9685B
:106DD000F86800F005F8BB6918462037BD4680BD4D
:106DE00080B584B000AFF860B9607A60FB70BB68B2
:106DF000002B03D1BB69BA691A6002E0BB697A68EB
:106E00001A60BB69FA68DA63BB69BA681A6401215F
:106E1000B869FFF7C3FEBB69FA7883F84C2000BF5E
:106E20001037BD4680BD000080B58EB000AFF86061
:106E3000B9607A603B6000237B63FB683B633B6B1C
:106E4000002B0BD14FF0500383F31188BFF36F8FEA
:106E5000BFF34F8FBB6200BF00BFFDE7BB68002BD5
:106E600003D13B6B1B6C002B01D1012300E00023FD
:106E7000002B0BD14FF0500383F31188BFF36F8FBA
:106E8000BFF34F8F7B6200BF00BFFDE73B68022B63
:106E900003D13B6BDB6B012B01D1012300E000230D
:106EA000002B0BD14FF0500383F31188BFF36F8F8A
:106EB000BFF34F8F3B6200BF00BFFDE701F062FAF6
:106EC0000346002B02D17B68002B01D1012300E097
:106ED0000023002B0BD14FF0500383F31188BFF335
:106EE0006F8FBFF34F8FFB6100BF00BFFDE701F065
:106EF000B3FF3B6B9A6B3B6BDB6B9A4202D33B68F5
:106F0000022B29D13A68B968386B00F091FAF8621F
:106F10003B6B5B6A002B10D03B6B2433184601F0AF
:106F200071F80346002B13D03F4B4FF080521A608C
:106F3000BFF34F8FBFF36F8F0AE0FB6A002B07D0C0
:106F4000394B4FF080521A60BFF34F8FBFF36F8FF2
:106F500001F0B4FF012363E07B68002B03D101F053
:106F6000ADFF00235CE07B6B002B06D107F114031F
:106F7000184601F0ABF801237B6301F09FFF00F09E
:106F800009FE01F069FF3B6B93F844305BB2B3F14B
:106F9000FF3F03D13B6B002283F844203B6B93F807
:106FA00045305BB2B3F1FF3F03D13B6B002283F866
:106FB000452001F083FF3A1D07F1140311461846DE
:106FC00001F09AF80346002B24D1386B00F028FB1F
:106FD0000346002B18D03B6B10337A6811461846D5
:106FE00000F0BEFF386B00F0B3FA00F0E1FD03469D
:106FF000002B7FF47CAF0C4B4FF080521A60BFF334
:107000004F8FBFF36F8F72E7386B00F0A1FA00F07B
:10701000CFFD6CE7386B00F09BFA00F0C9FD002350
:1070200018463837BD4680BD04ED00E080B590B00D
:1070300000AFF860B9607A603B60FB68BB63BB6B14
:10704000002B0BD14FF0500383F31188BFF36F8FE8
:10705000BFF34F8FBB6200BF00BFFDE7BB68002BD3
:1070600003D1BB6B1B6C002B01D1012300E000237B
:10707000002B0BD14FF0500383F31188BFF36F8FB8
:10708000BFF34F8F7B6200BF00BFFDE73B68022B61
:1070900003D1BB6BDB6B012B01D1012300E000238B
:1070A000002B0BD14FF0500383F31188BFF36F8F88
:1070B000BFF34F8F3B6200BF00BFFDE701F0ACFFA5
:1070C000EFF311824FF0500383F31188BFF36F8FFA
:1070D000BFF34F8FFA61BB61FB697B63BB6B9A6B3C
:1070E000BB6BDB6B9A4202D33B68022B2FD1BB6B8D
:1070F00093F8453087F83330BB6B9B6BFB623A6883
:10710000B968B86B00F094F997F93330B3F1FF3FE9
:1071100012D1BB6B5B6A002B16D0BB6B24331846B5
:1071200000F070FF0346002B0ED07B68002B0BD0C5
:107130007B6801221A6007E097F833300133DBB235
:107140005AB2BB6B83F845200123FB6301E00023A7
:10715000FB637B6B7B617B6983F3118800BFFB6BF7
:1071600018464037BD4680BD80B58CB000AFF86092
:10717000B9607A600023FB62FB68BB62BB6A002BCC
:107180000BD14FF0500383F31188BFF36F8FBFF320
:107190004F8F3B6200BF00BFFDE7BB68002B03D1F0
:1071A000BB6A1B6C002B01D1012300E00023002BE4
:1071B0000BD14FF0500383F31188BFF36F8FBFF3F0
:1071C0004F8FFB6100BF00BFFDE701F0DBF8034616
:1071D000002B02D17B68002B01D1012300E00023AA
:1071E000002B0BD14FF0500383F31188BFF36F8F47
:1071F000BFF34F8FBB6100BF00BFFDE701F02CFE66
:10720000BB6A9B6B7B627B6A002B1FD0B968B86A34
:1072100000F078F97B6A5A1EBB6A9A63BB6A1B69E5
:10722000002B0FD0BB6A1033184600F0EBFE03466C
:10723000002B07D03C4B4FF080521A60BFF34F8FAA
:10724000BFF36F8F01F03AFE012369E07B68002BEA
:1072500003D101F033FE002362E0FB6A002B06D16C
:1072600007F11003184600F031FF0123FB6201F023
:1072700025FE00F08FFC01F0EFFDBB6A93F844306F
:107280005BB2B3F1FF3F03D1BB6A002283F8442015
:10729000BB6A93F845305BB2B3F1FF3F03D1BB6AE1
:1072A000002283F8452001F009FE3A1D07F1100382
:1072B0001146184600F020FF0346002B23D1B86A80
:1072C00000F098F90346002B17D0BB6A24337A6884
:1072D0001146184600F044FEB86A00F039F900F093
:1072E00067FC0346002B89D10F4B4FF080521A6088
:1072F000BFF34F8FBFF36F8F80E7B86A00F028F9B4
:1073000000F056FC7AE7B86A00F022F900F050FC71
:10731000B86A00F06FF90346002B3FF46FAF00230B
:1073200018463037BD4680BD04ED00E080B58EB014
:1073300000AFF860B9607A60FB683B633B6B002B81
:107340000BD14FF0500383F31188BFF36F8FBFF35E
:107350004F8F3B6200BF00BFFDE7BB68002B03D12E
:107360003B6B1B6C002B01D1012300E00023002BA1
:107370000BD14FF0500383F31188BFF36F8FBFF32E
:107380004F8FFB6100BF00BFFDE701F045FEEFF34B
:1073900011824FF0500383F31188BFF36F8FBFF357
:1073A0004F8FBA617B61BB69FB623B6B9B6BBB62BE
:1073B000BB6A002B2FD03B6B93F8443087F8273003
:1073C000B968386B00F09EF8BB6A5A1E3B6B9A6333
:1073D00097F92730B3F1FF3F12D13B6B1B69002BAC
:1073E00016D03B6B1033184600F00CFE0346002B02
:1073F0000ED07B68002B0BD07B6801221A6007E05F
:1074000097F827300133DBB25AB23B6B83F8442044
:1074100001237B6301E000237B63FB6A3B613B69E3
:1074200083F3118800BF7B6B18463837BD4680BD9B
:1074300080B586B000AFF860B9607A6000237B61E8
:10744000FB689B6B3B61FB681B6C002B0DD1FB68E1
:107450001B68002B4DD1FB689B68184600F0B0FFFD
:107460007861FB6800229A6043E07B68002B19D1A9
:10747000FB685868FB681B6C1A46B96805F01DF874
:10748000FB685A68FB681B6C1A44FB685A60FB680F
:107490005A68FB689B689A422BD3FB681A68FB68A2
:1074A0005A6026E0FB68D868FB681B6C1A46B9680E
:1074B00005F003F8FB68DA68FB681B6C5B421A4452
:1074C000FB68DA60FB68DA68FB681B689A4207D2DF
:1074D000FB689A68FB681B6C5B421A44FB68DA60C5
:1074E0007B68022B05D13B69002B02D03B69013B35
:1074F0003B613B695A1CFB689A637B6918461837E5
:10750000BD4680BD80B582B000AF786039607B68D1
:107510001B6C002B18D07B68DA687B681B6C1A44E4
:107520007B68DA607B68DA687B689B689A4203D381
:107530007B681A687B68DA607B68D9687B681B6C3B
:107540001A46386804F0B9FF00BF0837BD4680BD51
:1075500080B584B000AF786001F07EFC7B6893F862
:107560004530FB7311E07B685B6A002B12D07B68AF
:107570002433184600F046FD0346002B01D000F0EE
:107580001FFEFB7B013BDBB2FB7397F90F30002B37
:10759000E9DC00E000BF7B68FF2283F8452001F0B2
:1075A0008DFC01F059FC7B6893F84430BB7311E00B
:1075B0007B681B69002B12D07B681033184600F0E3
:1075C00021FD0346002B01D000F0FAFDBB7B013BFF
:1075D000DBB2BB7397F90E30002BE9DC00E000BF93
:1075E0007B68FF2283F8442001F068FC00BF10375D
:1075F000BD4680BD80B584B000AF786001F02CFC42
:107600007B689B6B002B02D10123FB6001E0002310
:10761000FB6001F053FCFB6818461037BD4680BD87
:1076200080B584B000AF786001F016FC7B689A6B7F
:107630007B68DB6B9A4202D10123FB6001E00023EF
:10764000FB6001F03BFCFB6818461037BD4680BD6F
:1076500080B485B000AF786039600023FB6014E02F
:107660000F4AFB6852F83330002B0BD10C49FB68F2
:107670003A6841F833200A4AFB68DB0013447A6811
:107680005A6006E0FB680133FB60FB68072BE7D913
:1076900000BF00BF1437BD465DF8047B704700BFD4
:1076A0009C28002080B586B000AFF860B9607A6091
:1076B000FB687B6101F0D0FB7B6993F844305BB2DF
:1076C000B3F1FF3F03D17B69002283F844207B693B
:1076D00093F845305BB2B3F1FF3F03D17B690022E1
:1076E00083F8452001F0EAFB7B699B6B002B06D1F8
:1076F0007B6924337A68B968184600F057FC7869CA
:10770000FFF726FF00BF1837BD4680BD80B58EB09D
:1077100004AFF860B9607A603B607B6B002B0BD1E3
:107720004FF0500383F31188BFF36F8FBFF34F8F78
:107730003B6200BF00BFFDE7BB6B002B0BD14FF0DE
:10774000500383F31188BFF36F8FBFF34F8FFB613B
:1077500000BF00BFFDE75C233B613B695C2B0BD0A6
:107760004FF0500383F31188BFF36F8FBFF34F8F38
:10777000BB6100BF00BFFDE73B69BB6B002B1ED0A8
:107780007B6B002B1BD0BB6B7B627B6A7A6B1A63B3
:107790007B6A022283F85920002303937B6A0293B9
:1077A00007F1140301933B6B00933B687A68B96857
:1077B000F86800F050F8786A00F0DEF801E0002385
:1077C0007B617B6918462837BD4680BD80B58CB08B
:1077D00004AFF860B9603B601346FB80FB889B00F8
:1077E000184601F05BFC78617B69002B0ED05C20B1
:1077F00001F054FCF861FB69002B03D0FB697A6946
:107800001A6305E0786901F017FD01E00023FB61D0
:10781000FB69002B17D0FB69002283F85920FA88F6
:1078200000230393FB690293FB6A0193BB6A0093F5
:107830003B68B968F86800F00EF8F86900F09CF849
:107840000123BB6102E04FF0FF33BB61BB69184607
:107850002037BD4680BD80B588B000AFF860B96004
:107860007A603B603B6B186B7B689B001A46A521D6
:1078700004F07EFD3B6B1A6B7B6803F18043013B98
:107880009B001344BB61BB6923F00703BB61BB6969
:1078900003F00703002B0BD04FF0500383F3118844
:1078A000BFF36F8FBFF34F8F7B6100BF00BFFDE75A
:1078B000BB68002B1FD00023FB6112E0BA68FB6994
:1078C000134419783A6BFB69134434330A461A702F
:1078D000BA68FB6913441B78002B06D0FB6901339F
:1078E000FB61FB690F2BE9D900E000BF3B6B002275
:1078F00083F8432003E03B6B002283F83420BB6A0B
:10790000372B01D93723BB623B6BBA6ADA623B6B18
:10791000BA6ADA643B6B00221A653B6B0433184683
:10792000FFF7A8F83B6B18331846FFF7A3F83B6B3B
:107930003A6B1A61BB6AC3F138023B6B9A613B6BCD
:107940003A6B5A623B6B00225A653B6B002283F80C
:1079500058203A68F968B86901F050F902463B6B63
:107960001A60FB6A002B02D0FB6A3A6B1A6000BFF8
:107970002037BD4680BD000080B582B000AF786082
:1079800001F06AFA2D4B1B6801332C4A13602C4B13
:107990001B68002B09D12A4A7B681360274B1B68A0
:1079A000012B10D100F030FC0DE0264B1B68002BA2
:1079B00009D1234B1B68DA6A7B68DB6A9A4202D8DA
:1079C0001F4A7B681360204B1B6801331E4A1360FB
:1079D0001D4B1A687B685A647B68DA6A1B4B1B680C
:1079E0009A4203D97B68DB6A184A13607B68DA6ABB
:1079F00013469B0013449B00154A1A447B680433CA
:107A000019461046FFF743F801F058FA0D4B1B6872
:107A1000002B0ED00A4B1B68DA6A7B68DB6A9A423D
:107A200007D20C4B4FF080521A60BFF34F8FBFF359
:107A30006F8F00BF0837BD4680BD00BFB02D00204E
:107A4000DC280020BC2D0020CC2D0020B82D0020EB
:107A5000E028002004ED00E080B584B000AF78603D
:107A60000023FB607B68002B18D0144B1B68002B95
:107A70000BD04FF0500383F31188BFF36F8FBFF328
:107A80004F8FBB6000BF00BFFDE700F083F800210F
:107A9000786800F005FD00F08BF8F860FB68002BBB
:107AA00007D1074B4FF080521A60BFF34F8FBFF3DF
:107AB0006F8F00BF1037BD4680BD00BFD82D00209E
:107AC00004ED00E080B58AB004AF0023BB60002362
:107AD0007B603A46391D07F108031846FEF776FF2A
:107AE00039687B68BA6802920193002300930023EF
:107AF0000A4622492248FFF709FE0346214A13603D
:107B0000204B1B68002B02D001237B6101E0002386
:107B10007B617B69012B02D100F016FD78617B69E6
:107B2000012B16D14FF0500383F31188BFF36F8FF1
:107B3000BFF34F8F3B6100BF134B4FF0FF321A6012
:107B4000124B01221A60124B00221A6001F0E0F879
:107B50000FE07B69B3F1FF3F0BD14FF0500383F38C
:107B60001188BFF36F8FBFF34F8FFB6000BF00BF63
:107B7000FDE700BF1837BD4680BD00BF04EC00081C
:107B8000D9810008D42D0020D02D0020BC2D00204C
:107B9000B42D002080B400AF044B1B680133034AAE
:107BA000136000BFBD465DF8047B7047D82D0020F0
:107BB00080B584B000AF0023FB600023BB60424B64
:107BC0001B68002B0BD14FF0500383F31188BFF3D8
:107BD0006F8FBFF34F8F3B6000BF00BFFDE701F029
:107BE0003BF9394B1B68013B374A1360364B1B6826
:107BF000002B62D1354B1B68002B5ED02FE0344B3D
:107C0000DB68DB68FB60FB6818331846FEF79CFFF7
:107C1000FB6804331846FEF797FFFB68DA6A2D4BC2
:107C20001B689A4203D9FB68DB6A2A4A1360FB6827
:107C3000DA6A13469B0013449B00274A1A44FB68E8
:107C4000043319461046FEF722FFFB68DA6A234B1D
:107C50001B68DB6A9A4202D3214B01221A601C4B3B
:107C60001B68002BCBD1FB68002B01D000F06AFB16
:107C70001C4B1B687B607B68002B10D000F058F811
:107C80000346002B02D0164B01221A607B68013B91
:107C90007B607B68002BF1D1124B00221A60104BE5
:107CA0001B68002B09D00123BB600F4B4FF08052A3
:107CB0001A60BFF34F8FBFF36F8F01F0FFF8BB68FF
:107CC00018461037BD4680BDD82D0020B02D0020AD
:107CD000702D0020B82D0020E0280020DC28002096
:107CE000C42D0020C02D002004ED00E080B483B03E
:107CF00000AF054B1B687B607B6818460C37BD46A0
:107D00005DF8047B704700BFB42D002080B582B0C1
:107D100000AF01F081F900237B60044B1B683B60DE
:107D20003B6818460837BD4680BD00BFB42D002013
:107D300080B586B000AF00237B614F4B1B68002BE2
:107D400040F090804D4B1B6801333B614B4A3B69CF
:107D500013603B69002B21D1494B1B681B68002B2A
:107D60000BD04FF0500383F31188BFF36F8FBFF335
:107D70004F8F3B6000BF00BFFDE7414B1B68FB60BE
:107D8000404B1B683E4A13603E4AFB6813603E4B03
:107D90001B6801333C4A136000F0D4FA3B4B1B686C
:107DA0003A699A4249D3364B1B681B68002B04D1B1
:107DB000364B4FF0FF321A603FE0314B1B68DB68F7
:107DC000DB68BB60BB685B687B603A697B689A4232
:107DD00003D22E4A7B6813602FE0BB680433184639
:107DE000FEF7B2FEBB689B6A002B04D0BB68183359
:107DF0001846FEF7A9FEBB68DA6A254B1B689A4253
:107E000003D9BB68DB6A224A1360BB68DA6A13468F
:107E10009B0013449B001F4A1A44BB680433194655
:107E20001046FEF734FEBB68DA6A1B4B1B68DB6A40
:107E30009A42B8D301237B61B5E7174B1B68DA6A16
:107E4000144913469B0013449B000B441B68012BF1
:107E500001D901237B61114B1B68002B07D0012343
:107E60007B6104E00E4B1B6801330D4A13607B6994
:107E700018461837BD4680BDD82D0020B42D0020EF
:107E8000682D00206C2D0020C82D0020D02D002052
:107E9000B82D0020E0280020DC280020C42D002080
:107EA000C02D002080B485B000AF284B1B68002B8C
:107EB00003D0274B01221A6042E0254B00221A60B2
:107EC000244B1B68FB6011E0FB68002B0BD14FF0CB
:107ED000500383F31188BFF36F8FBFF34F8F7B6025
:107EE00000BF00BFFDE7FB68013BFB601A49FA6871
:107EF00013469B0013449B000B441B68002BE3D0EC
:107F0000FA6813469B0013449B00134A1344BB605A
:107F1000BB685B685A68BB685A60BB685A68BB68D4
:107F200008339A4204D1BB685B685A68BB685A60E0
:107F3000BB685B68DB68094A1360064AFB6813602C
:107F400000BF1437BD465DF8047B7047D82D002074
:107F5000C42D0020B82D0020E0280020DC280020BF
:107F600080B584B000AF786039607B68002B0BD19E
:107F70004FF0500383F31188BFF36F8FBFF34F8F20
:107F8000FB6000BF00BFFDE7074B1B6818331946B5
:107F90007868FEF7A0FD0121386800F081FA00BF83
:107FA0001037BD4680BD00BFDC28002080B586B0FC
:107FB00000AFF860B9607A60FB68002B0BD14FF01E
:107FC000500383F31188BFF36F8FBFF34F8F7B6133
:107FD00000BF00BFFDE70A4B1B6818331946F8685D
:107FE000FEF755FD7B68002B02D04FF0FF33BB60DE
:107FF0007968B86800F054FA00BF1837BD4680BDF4
:10800000DC28002080B586B000AF78607B68DB6834
:10801000DB683B613B69002B0BD14FF0500383F3CE
:108020001188BFF36F8FBFF34F8FFB6000BF00BF9E
:10803000FDE73B6918331846FEF786FD1D4B1B68AC
:10804000002B1DD13B6904331846FEF77DFD3B69CB
:10805000DA6A194B1B689A4203D93B69DB6A164AF4
:1080600013603B69DA6A13469B0013449B00134A72
:108070001A443B69043319461046FEF708FD05E033
:108080003B69183319460E48FEF701FD3B69DA6A71
:108090000C4B1B68DB6A9A4205D901237B610A4BB2
:1080A00001221A6001E000237B617B6918461837C2
:1080B000BD4680BDD82D0020B82D0020E02800202E
:1080C000702D0020DC280020C42D002080B483B057
:1080D00000AF7860064B1A687B681A60054B1A6817
:1080E0007B685A6000BF0C37BD465DF8047B704763
:1080F000C82D0020B42D002080B588B000AF786076
:1081000039607B68002B0BD14FF0500383F311884B
:10811000BFF36F8FBFF34F8F3B6100BF00BFFDE721
:108120003B68002B0BD14FF0500383F31188BFF352
:108130006F8FBFF34F8FFB6000BF00BFFDE700F004
:108140008BFE1D4B1B68BB617B685B68BA69D31AE9
:108150007B613B681B68B3F1FF3F02D10023FB61E9
:1081600023E07B681A68154B1B689A4207D07B682E
:108170005B68BA699A4202D30123FB6115E03B6850
:108180001B687A699A420BD23B681A687B69D21ADB
:108190003B681A607868FFF799FF0023FB6104E0F1
:1081A0003B6800221A600123FB6100F087FEFB6937
:1081B00018462037BD4680BDB42D0020C82D0020B4
:1081C00080B400AF034B01221A6000BFBD465DF8CA
:1081D000047B7047C42D002080B582B000AF78606A
:1081E00000F052F8064B1B68012BF9D9054B4FF0F4
:1081F00080521A60BFF34F8FBFF36F8FF0E700BF5D
:10820000E028002004ED00E080B582B000AF00233C
:108210007B600CE07A6813469B0013449B00124A73
:1082200013441846FEF706FC7B6801337B607B68CD
:10823000372BEFD90D48FEF7FDFB0D48FEF7FAFB93
:108240000C48FEF7F7FB0C48FEF7F4FB0B48FEF773
:10825000F1FB0B4B054A1A600A4B054A1A6000BF36
:108260000837BD4680BD00BFE0280020402D00201B
:10827000542D0020702D0020842D00209C2D0020E6
:10828000682D00206C2D002080B582B000AF19E071
:1082900000F0E2FD104BDB68DB687B607B68043339
:1082A0001846FEF751FC0D4B1B68013B0B4A13604F
:1082B0000B4B1B68013B0A4A136000F0FFFD786816
:1082C00000F010F8064B1B68002BE1D100BF00BF87
:1082D0000837BD4680BD00BF842D0020B02D002092
:1082E000982D002080B584B000AF78607B6893F84B
:1082F0005930002B08D17B681B6B184600F09CFF9F
:10830000786800F099FF19E07B6893F85930012BE9
:1083100003D1786800F090FF10E07B6893F8593043
:10832000022B0BD04FF0500383F31188BFF36F8FF4
:10833000BFF34F8FFB6000BF00BFFDE700BF1037EA
:10834000BD4680BD80B483B000AF0C4B1B681B687A
:10835000002B04D10A4B4FF0FF321A6008E0074BA4
:108360001B68DB68DB687B607B685B68044A1360C2
:1083700000BF0C37BD465DF8047B7047682D0020B8
:10838000D02D002080B483B000AF0B4B1B68002BB6
:1083900002D101237B6008E0084B1B68002B02D14F
:1083A00002237B6001E000237B607B6818460C376A
:1083B000BD465DF8047B7047BC2D0020D82D002001
:1083C00080B586B000AF78607B683B6100237B613D
:1083D0007B68002B58D02F4B1B683A699A420BD010
:1083E0004FF0500383F31188BFF36F8FBFF34F8FAC
:1083F000FB6000BF00BFFDE73B691B6D002B0BD18D
:108400004FF0500383F31188BFF36F8FBFF34F8F8B
:10841000BB6000BF00BFFDE73B691B6D5A1E3B6997
:108420001A653B69DA6A3B69DB6C9A422CD03B697E
:108430001B6D002B28D13B6904331846FEF784FBE3
:108440003B69DA6C3B69DA623B69DB6AC3F138028B
:108450003B699A613B69DA6A0F4B1B689A4203D900
:108460003B69DB6A0C4A13603B69DA6A13469B007E
:1084700013449B00094A1A443B69043319461046C9
:10848000FEF705FB01237B617B6918461837BD4663
:1084900080BD00BFDC280020B82D0020E02800208F
:1084A00080B584B000AF78603960214B1B68FB60F9
:1084B000204B1B6804331846FEF746FB7B68B3F17C
:1084C000FF3F0AD13B68002B07D01A4B1B680433CF
:1084D00019461948FEF7DBFA26E0FA687B68134470
:1084E000BB60144B1B68BA685A60BA68FB689A4252
:1084F00009D2124B1A680F4B1B68043319461046F9
:10850000FEF7E9FA10E00E4B1A680A4B1B680433B9
:1085100019461046FEF7DFFA0A4B1B68BA689A4202
:1085200002D2084ABB68136000BF1037BD4680BD49
:10853000B42D0020DC2800209C2D00206C2D002074
:10854000682D0020D02D002080B58AB004AF002314
:108550007B6100F013FB1D4B1B68002B21D0002317
:10856000FB600023BB603A1D07F1080107F10C0313
:108570001846FEF745FA7968BB68FA6802920193DB
:108580000223009300230A4611491248FFF7BEF860
:108590000346114A1360104B1B68002B01D00123C6
:1085A0007B617B69002B0BD14FF0500383F3118863
:1085B000BFF36F8FBFF34F8F3B6100BF00BFFDE77D
:1085C0007B6918461837BD4680BD00BF0C2E0020C1
:1085D0000CEC000815870008102E002080B58AB02A
:1085E00000AFF860B9607A603B6000237B62FB6893
:1085F000002B0BD14FF0500383F31188BFF36F8F23
:10860000BFF34F8F3B6200BF00BFFDE7194B1B68F4
:10861000002B2AD0BB683B617B687B61FB68BB6138
:10862000BB68052B18DCFFF7ADFE0346022B09D112
:10863000104B186807F1100100233A6BFEF7F4FBAA
:10864000786212E00B4B186807F11001002300223A
:10865000FEF7EAFB786208E0064B186807F11001A4
:1086600000233A68FEF7E2FC78627B6A18462837F6
:10867000BD4680BD0C2E002080B588B002AF78606A
:108680003960234B1B68DB68DB687B617B690433E3
:108690001846FEF759FA7B6993F8283003F0040373
:1086A000002B23D07B699A697B68D1187B683A6874
:1086B000786900F0D5F80346002B20D00023009302
:1086C00000237A6800217869FFF788FF38613B69E9
:1086D000002B14D14FF0500383F31188BFF36F8F39
:1086E000BFF34F8FFB6000BF00BFFDE77B6993F8CE
:1086F000283023F00103DAB27B6983F828207B69F4
:108700001B6A7869984700BF1837BD4680BD00BF17
:10871000042E002080B584B000AF786007F1080314
:10872000184600F059F8F860BB681946F86800F080
:1087300005F800F0D7F800BFF0E7000080B584B07E
:1087400000AF78603960FFF725FA07F10803184693
:1087500000F066F8F860BB68002B30D13B68002B56
:108760000AD17A68FB689A4206D8FFF721FAF968BD
:108770007868FFF781FF24E03B68002B08D0134B9B
:108780001B681B68002B01D1012300E000233B6024
:108790000F4B18687A68FB68D31A3A681946FEF7D7
:1087A00081FFFFF705FA0346002B0AD1094B4FF072
:1087B00080521A60BFF34F8FBFF36F8F01E0FFF756
:1087C000F7F900BF1037BD4680BD00BF082E00205E
:1087D0000C2E002004ED00E080B485B000AF78607E
:1087E0000E4B1B681B68002B01D1012200E0002208
:1087F0007B681A607B681B68002B05D1074B1B68E0
:10880000DB681B68FB6001E00023FB60FB68184627
:108810001437BD465DF8047B704700BF042E00206E
:1088200080B584B000AF7860FFF760FAF8600B4B5A
:108830001B68FA689A4205D200F03AF97B68012277
:108840001A6002E07B6800221A60044AFB68136029
:10885000FB6818461037BD4680BD00BF142E0020AF
:1088600080B586B000AFF860B9607A603B600023E5
:108870007B61FB68BA685A60FB68FA681A61BA687B
:108880007B689A4212D87A683B68D21AFB689B6967
:108890009A4202D301237B611BE0104B1A68FB68EC
:1088A000043319461046FEF716F912E07A683B6861
:1088B0009A4206D2BA683B689A4202D301237B618E
:1088C00007E0074B1A68FB68043319461046FEF7A9
:1088D00002F97B6918461837BD4680BD082E002076
:1088E000042E002080B58EB002AFCEE07B68002B56
:1088F00019DA3B1D0433FB62FB6A002B0BD14FF0EE
:10890000500383F31188BFF36F8FBFF34F8FFB6169
:1089100000BF00BFFDE7FB6A1B68FA6A5068FA6A8D
:108920009268114698477B68002BC0F2AE80FB68C6
:10893000BB62BB6A5B69002B04D0BB6A0433184678
:10894000FEF702F93B461846FFF76AFF78627B683C
:10895000092B00F2978001A252F823F085890008C4
:108960008589000885890008FB8900080F8A0008AE
:108970005B8A00088589000885890008FB89000852
:108980000F8A0008BB6A93F8283043F00103DAB27B
:10899000BB6A83F82820BA68BB6A9B69D118BB6898
:1089A0007A6AB86AFFF75CFF0346002B6CD0BB6A9B
:1089B0001B6AB86A9847BB6A93F8283003F004032F
:1089C000002B61D0BA68BB6A9B691A4400230093EC
:1089D00000230021B86AFFF701FE38623B6A002BD2
:1089E00052D14FF0500383F31188BFF36F8FBFF361
:1089F0004F8FBB6100BF00BFFDE7BB6A93F8283013
:108A000023F00103DAB2BB6A83F828203DE0BB6A99
:108A100093F8283043F00103DAB2BB6A83F82820C8
:108A2000BA68BB6A9A61BB6A9B69002B0BD14FF095
:108A3000500383F31188BFF36F8FBFF34F8F7B61B8
:108A400000BF00BFFDE7BB6A9A697B6AD1187B6AE9
:108A50007A6AB86AFFF704FF17E0BB6A93F8283018
:108A600003F00203002B03D1B86A00F0E5FB0CE031
:108A7000BB6A93F8283023F00103DAB2BB6A83F8AB
:108A8000282002E000BF00E000BF084B1B68391D32
:108A900000221846FEF768FB0346002B7FF426AF42
:108AA00000BF00BF3037BD4680BD00BF0C2E002088
:108AB00080B588B002AF49E02E4B1B68DB681B68AD
:108AC0003B612C4B1B68DB68DB68FB60FB68043395
:108AD0001846FEF739F8FB681B6AF8689847FB6888
:108AE00093F8283003F00403002B2FD0FB689B6918
:108AF0003A691344BB60BA683B699A420ED9FB6875
:108B0000BA685A60FB68FA681A611A4B1A68FB68FF
:108B1000043319461046FDF7DEFF17E000230093EB
:108B200000233A690021F868FFF758FD78607B68F8
:108B3000002B0BD14FF0500383F31188BFF36F8FDD
:108B4000BFF34F8F3B6000BF00BFFDE7094B1B68C1
:108B50001B68002BB0D1074B1B687B61064B1B6861
:108B6000044A1360044A7B69136000BF1837BD468E
:108B700080BD00BF042E0020082E002080B582B0EA
:108B800002AF00F069F9154B1B68002B20D1144887
:108B9000FDF750FF1348FDF74DFF134B104A1A60C5
:108BA000124B104A1A6000230093114B114A1021F6
:108BB0000A20FEF75DF80346084A1360074B1B685E
:108BC000002B05D0054B1B680B491846FEF740FDEE
:108BD00000F074F900BFBD4680BD00BF0C2E002020
:108BE000DC2D0020F02D0020042E0020082E002077
:108BF000B82E0020182E002014EC000880B485B098
:108C000000AFF860B9607A60FB68043BFB60FB680A
:108C10004FF080721A60FB68043BFB60BB6823F076
:108C20000102FB681A60FB68043BFB600C4AFB68AE
:108C30001A60FB68143BFB607A68FB681A60FB688B
:108C4000043BFB60FB686FF002021A60FB68203B8C
:108C5000FB60FB6818461437BD465DF8047B70471F
:108C6000658C000880B485B000AF00237B60134B97
:108C70001B68B3F1FF3F0BD04FF0500383F3118813
:108C8000BFF36F8FBFF34F8FFB6000BF00BFFDE7E7
:108C90004FF0500383F31188BFF36F8FBFF34F8FF3
:108CA000BB6000BF00BF7B68002BFCD000BF00BFD3
:108CB0001437BD465DF8047B704700BF0C000020F0
:108CC000074B19680868B0E8F04F80F30988BFF3D4
:108CD0006F8F4FF0000080F311887047AFF3008072
:108CE000DC28002000BF00BF08480068006880F34F
:108CF00008884FF0000080F3148862B661B6BFF3B5
:108D00004F8FBFF36F8F00DF00BF00BF08ED00E0A3
:108D100080B586B000AF474B1B68474A93420BD1E2
:108D20004FF0500383F31188BFF36F8FBFF34F8F62
:108D3000FB6000BF00BFFDE73E4B1B683F4A93420C
:108D40000BD14FF0500383F31188BFF36F8FBFF344
:108D50004F8F3B6100BF00BFFDE7394B7B617B69F3
:108D60001B78DBB27B607B69FF221A707B691B7802
:108D7000DBB2FB70FB78DBB203F05003DAB2314BAD
:108D80001A70314B07221A6009E02F4B1B68013B18
:108D90002D4A1360FB78DBB25B00DBB2FB70FB7823
:108DA000DBB203F08003802BEFD0274B1B68C3F1AD
:108DB0000703042B0BD04FF0500383F31188BFF34C
:108DC0006F8FBFF34F8FBB6000BF00BFFDE71E4B2F
:108DD0001B681B021C4A13601B4B1B6803F4E063F7
:108DE000194A13607B68DAB27B691A70174B1B68EB
:108DF000164A43F470031360144B1B68134A43F084
:108E00007043136000F0DAF8114B00221A6000F092
:108E1000F9F8104B1B680F4A43F040431360FFF70B
:108E200063FFFFF73FF8FFF71DFF002318461837D1
:108E3000BD4680BD00ED00E071C20F4170C20F4120
:108E400000E400E0082F00200C2F002020ED00E0BF
:108E50000C00002034EF00E080B483B000AF4FF08E
:108E6000500383F31188BFF36F8FBFF34F8F7B6085
:108E700000BF104B1B6801330E4A13600D4B1B687B
:108E8000012B10D10C4B1B68DBB2002B0BD04FF029
:108E9000500383F31188BFF36F8FBFF34F8F3B6095
:108EA00000BF00BFFDE700BF0C37BD465DF8047B87
:108EB000704700BF0C00002004ED00E080B483B0D8
:108EC00000AF124B1B68002B0BD14FF0500383F304
:108ED0001188BFF36F8FBFF34F8F7B6000BF00BF60
:108EE000FDE70A4B1B68013B084A1360074B1B68F0
:108EF000002B05D100233B603B6883F3118800BF42
:108F000000BF0C37BD465DF8047B70470C000020A5
:108F1000EFF30980BFF36F8F154B1A681EF0100F27
:108F200008BF20ED108A20E9F04F10602DE90900FC
:108F30004FF0500080F31188BFF34F8FBFF36F8F56
:108F4000FEF7B0FF4FF0000080F3118809BC1968EC
:108F50000868B0E8F04F1EF0100F08BFB0EC108AA0
:108F600080F30988BFF36F8F704700BFAFF30080B5
:108F7000DC28002000BF00BF80B582B000AF4FF0FA
:108F8000500383F31188BFF36F8FBFF34F8F7B6064
:108F900000BFFEF7CDFE0346002B03D0064B4FF07B
:108FA00080521A6000233B603B6883F3118800BF46
:108FB00000BF0837BD4680BD04ED00E080B400AFBF
:108FC0000B4B00221A600B4B00221A600A4B1B68E5
:108FD0000A4AA2FB03239B09094A013B1360044B85
:108FE00007221A6000BFBD465DF8047B704700BFD2
:108FF00010E000E018E000E000000020D34D621017
:1090000014E000E0DFF80C00016841F47001016039
:10901000704700BF88ED00E080B485B000AFEFF38B
:109020000583FB60FB680F2B15D9184AFB681344B6
:109030001B78FB72164B1B78FA7A9A420BD24FF0D0
:10904000500383F31188BFF36F8FBFF34F8F7B60A3
:1090500000BF00BFFDE70F4B1B6803F4E0620E4B3F
:109060001B689A420BD94FF0500383F31188BFF36A
:109070006F8FBFF34F8F3B6000BF00BFFDE700BFA6
:109080001437BD465DF8047B704700BFF0E300E095
:10909000082F00200CED00E00C2F002080B58AB0D6
:1090A00000AF78600023FB61FEF774FD5C4B1B682A
:1090B000002B01D100F024F95A4B1A687B68134049
:1090C000002B40F095807B68002B1ED008227B6827
:1090D00013447B607B6803F00703002B15D07B688B
:1090E00023F0070308337B607B6803F00703002B42
:1090F0000BD04FF0500383F31188BFF36F8FBFF392
:109100004F8F7B6100BF00BFFDE77B68002B6FD0F6
:10911000454B1B687A689A426AD8444B3B62434B82
:109120001B687B6204E07B6A3B627B6A1B687B6234
:109130007B6A5B687A689A4203D97B6A1B68002B5A
:10914000F1D1374B1B687A6A9A4251D03B6A1B684F
:1091500008221344FB617B6A1A683B6A1A607B6AC7
:109160005A687B68D21A08235B009A4220D97A6A2F
:109170007B681344BB61BB6903F00703002B0BD072
:109180004FF0500383F31188BFF36F8FBFF34F8FFE
:109190003B6100BF00BFFDE77B6A5A687B68D21A5B
:1091A000BB695A607B6A7A685A60B86900F00AF94C
:1091B0001D4B1A687B6A5B68D31A1B4A13601A4BF3
:1091C0001A681B4B1B689A4203D2174B1B68184A3C
:1091D00013607B6A5A68134B1B681A437B6A5A6098
:1091E0007B6A00221A60134B1B680133114A13601B
:1091F000FEF7DEFCFB6903F00703002B0BD04FF0FA
:10920000500383F31188BFF36F8FBFF34F8FFB6061
:1092100000BF00BFFDE7FB6918462837BD4680BD8B
:10922000186B00202C6B00201C6B0020106B0020A2
:10923000206B0020246B002080B586B000AF7860E2
:109240007B687B617B68002B4FD008235B427A6987
:1092500013447B617B693B613B695A68254B1B6802
:109260001340002B0BD14FF0500383F31188BFF351
:109270006F8FBFF34F8FFB6000BF00BFFDE73B69FF
:109280001B68002B0BD04FF0500383F31188BFF302
:109290006F8FBFF34F8FBB6000BF00BFFDE73B691F
:1092A0005A68144B1B681340002B1ED03B691B6887
:1092B000002B1AD13B695A680E4B1B68DB431A40DE
:1092C0003B695A60FEF766FC3B695A680A4B1B68AB
:1092D0001344094A1360386900F074F8074B1B689F
:1092E0000133064A1360FEF763FC00BF1837BD4622
:1092F00080BD00BF2C6B00201C6B0020286B002061
:1093000080B485B000AF4FF47053BB60274BFB6057
:10931000FB6803F00703002B0CD0FB680733FB60EE
:10932000FB6823F00703FB60BA68FB68D31A1F4A87
:109330001344BB60FB687B601D4A7B6813601C4B59
:1093400000225A607B68BA681344FB600822FB68FD
:109350009B1AFB60FB6823F00703FB60FB68154A60
:109360001360144B1B6800225A60124B1B680022CA
:109370001A607B683B603B68FA68D21A3B685A60A7
:109380000C4B1A683B681A603B685B680A4A1360BA
:109390003B685B68094A1360094B4FF000421A6052
:1093A00000BF1437BD465DF8047B7047102F0020C6
:1093B000106B0020186B0020206B00201C6B00201D
:1093C0002C6B002080B485B000AF7860284BFB6028
:1093D00002E0FB681B68FB60FB681B687A689A42C6
:1093E000F7D8FB68BB60FB685B68BA6813447A68AF
:1093F0009A4208D1FB685A687B685B681A44FB682C
:109400005A60FB687B607B68BB607B685B68BA689E
:109410001A44FB681B689A4218D1FB681A68154BFE
:109420001B689A420DD07B685A68FB681B685B68B2
:109430001A447B685A60FB681B681A687B681A606C
:1094400008E00C4B1A687B681A6003E0FB681A6836
:109450007B681A60FA687B689A4202D0FB687A6877
:109460001A6000BF1437BD465DF8047B704700BF2B
:10947000106B0020186B002080B483B000AF03464F
:10948000FB71FA79054B1B681343044A136000BF54
:109490000C37BD465DF8047B704700BF3C6B002075
:1094A00080B483B000AF0346FB71FA79074B1B68A9
:1094B0001340002B04D0FB79DB431A46034B1A60A0
:1094C00000BF0C37BD465DF8047B70473C6B002045
:1094D00080B483B000AF0346FB71064B1B68DAB261
:1094E000FB791340DBB218460C37BD465DF8047BB0
:1094F000704700BF3C6B002080B582B000AF0346D0
:10950000FB80FB88B3F5807F02D10120FFF7B4FF19
:10951000FB88402B01D101F087FC00BF0837BD4616
:1095200080BD000080B584B000AF78604FF0FF339D
:10953000FB600A4B1868642300227968FDF788F9FC
:10954000F860FB68002B04D0FA680549054802F072
:109550005BFD00BF1037BD4680BD00BF386B0020EB
:10956000D8F3000838EC000880B582B000AF03469D
:10957000FB71FB79042B22D801A252F823F000BF23
:10958000959500089D950008A9950008B1950008DB
:10959000B99500080C4802F0A7FD11E00B4802F055
:1095A000A3FDF8F7C4FA0BE0094802F09DFD07E0BF
:1095B000084802F099FD03E0074802F095FD00BF5E
:1095C00000BF0837BD4680BD58EC000884EC000899
:1095D000ACEC0008D8EC000804ED00082DE9B0431D
:1095E000ADF50E7D04AF07F50A73A3F50973186096
:1095F00007F50A73A3F50A731960002387F8273269
:109600000023A7F818320023C7F8203207F50A73A1
:10961000A3F509731B681B88082B00F0F780082B43
:1096200000F3E880012B03D0072B40F0E380EEE04D
:109630007B497C4802F0E8FC7B4802F055FD0023A2
:1096400087F81F3236E0002001F0B4FB0346C7F86C
:109650002032D7F82032002B03D1744802F044FDA9
:1096600023E007F118034FF400720021184602F0BE
:109670007FFE07F118024FF47A73009340F2FF1354
:109680000121002001F030FB0346C7F82032D7F853
:109690002032002B03D1664802F026FD05E007F1D9
:1096A00018031946634802F0AFFC97F81F320133E4
:1096B00087F81F3297F81F32022BC4D901F0FEFC45
:1096C0005D4802F011FD5D4800F00AFE002387F8B6
:1096D0001D3200F01DFB034687F81D3297F81D323E
:1096E0001946574802F090FC002000F0E5F907F514
:1096F0000A73A3F505734FF000021A6007F50A73A9
:10970000A3F506734FF000021A6007F50A73A3F57C
:1097100007734FF000021A60002387F81E3237E00B
:1097200007F10C0207F1100107F11403184600F0CD
:109730001BFB07F50A73A3F505731B681846F6F7BC
:109740000BFF8046894607F50A73A3F506731B686D
:109750001846F6F701FF04460D4607F50A73A3F510
:1097600007731B681846F6F7F7FE02460B46CDE96D
:109770000223CDE9004542464B46324802F044FC04
:109780006420FCF7D7FF97F81E32013387F81E32AA
:1097900097F81E32022BC3D92B4802F0A5FC0120FA
:1097A00000F08AF9D7F82032012B0DD1274802F0BA
:1097B0009BFC0523A7F8183207F50A73A3F50A7373
:1097C0001B68234A5A600CE0224802F08DFC0623F5
:1097D000A7F8183207F50A73A3F50A731B681E4A27
:1097E0005A6007F506731846FFF79CFE012387F8B9
:1097F00027320CE007F50A73A3F509731B681B8871
:109800001A460749154802F0FFFB00E000BF97F831
:109810002732184607F50A77BD46BDE8B08300BF7A
:10982000E8F3000824ED00083CED000868ED0008AE
:1098300098ED0008B4ED0008C4ED0008AC0200206B
:10984000F0ED000814EE000840EE000868EE000895
:1098500061980008B4EE0008E1980008E4EE000802
:1098600080B584B000AF786039600023FB737B68FB
:109870001B88082B24D0082B1ADC052B02D0072BC1
:1098800016D11EE0114A1249124802F0BDFB012018
:10989000FFF71EFE0346002B05D00F4802F024FC04
:1098A0000120FFF7FDFD4FF4FA70FCF743FFEEE7F0
:1098B0007B681B881A460649084802F0A5FB00E0B1
:1098C00000BFFB7B18461037BD4680BD08EF00087F
:1098D000F8F3000818EF000830EF0008E4EE000885
:1098E00080B584B000AF786039600023FB737B687B
:1098F0001B88072B09D0082B09D07B681B881A46C8
:109900000649074802F080FB02E000BF00E000BF0C
:10991000FB7B18461037BD4680BD00BF08F4000829
:10992000E4EE000880B582B000AF0023FB713B1D60
:1099300002220021184602F01BFD1F4B1868391D3A
:109940004FF0FF330022FCF7E3FF0346002B2BD13F
:109950001A4B1B683A1D1949104698470346FB717C
:10996000FB79012B24D1154B5B68002B17D0082302
:10997000BB80124B1B683A1D1049104698470F4B8D
:109980005B680E4A13600723BB800C4B1B683A1DB3
:109990000A4910469847094B00225A6008E00849D6
:1099A000084802F031FB03E00549074802F02CFBB0
:1099B0000120FCF7BFFEBAE7386B0020306B0020B7
:1099C00018F400084CEF000890EF000880B582B052
:1099D00000AF2C4802F088FB2B4B2C4A2C492D4819
:1099E00002F012FB0023FB7108E0002000F04AFDAA
:1099F0006420FCF79FFEFB790133FB71FB79092B97
:109A0000F3D9002202210520FCF7AFFE0346224ACB
:109A10001360214B1B68002B04D12049204802F021
:109A2000F3FA27E001F040F90346002B03D11D486B
:109A300002F05AFB1EE01C4802F056FB1B4B1C4A6E
:109A40001A601A4B00225A600121022001F0EAFC40
:109A500003463B603B68002B0BD03B6801221A8019
:109A60003868FFF75FFD386801F000FDFFF75AFF27
:109A700000E000BF0F4802F037FB42F21070FCF725
:109A800059FEF7E7BCEF0008D4EF0008D8EF000854
:109A9000E0EF0008ECEF0008386B002028F4000825
:109AA00018F0000848F0000870F00008306B002043
:109AB000DD95000898F0000880B586B002AF034637
:109AC000FB71FF23FB73FB79002B02D0012B29D004
:109AD00006E10823BB7307F10E0340F6B83201928A
:109AE000012200922D22A621864800F02BFC03467D
:109AF000FB7397F90F30002B40F0DF800023BB731E
:109B000007F10E0340F6B832019201220092312291
:109B1000A6217C4800F016FC0346FB7397F90F3032
:109B2000002BDDE008237B7307F10D0340F6B8320C
:109B30000192012200922D22A621724800F002FC1F
:109B40000346FB7397F90F30002B40F0B880402399
:109B50007B7307F10D0340F6B832019201220092A7
:109B60001D22A621674800F0EDFB0346FB7397F921
:109B70000F30002B40F0A58020237B7307F10D03ED
:109B800040F6B8320192012200922122A6215D48BE
:109B900000F0D8FB0346FB7397F90F30002B40F021
:109BA000928020237B7307F10D0340F6B8320192B7
:109BB000012200922222A621524800F0C3FB034654
:109BC000FB7397F90F30002B7FD180237B7307F154
:109BD0000D0340F6B8320192012200922322A62101
:109BE000484800F0AFFB0346FB7397F90F30002B9A
:109BF0006DD100237B7307F10D0340F6B83201925B
:109C0000012200922F22A6213E4800F09BFB034632
:109C1000FB7397F90F30002B5BD100233B7307F1E7
:109C20000C0340F6B8320192012200923022A621A4
:109C3000344800F0D7FB0346FB7397F90F30002B35
:109C400049D100237B7307F10D0340F6B83201922E
:109C5000012200922E22A6212A4800F073FB03461F
:109C6000FB7397F90F30002B37D140237B7307F13B
:109C70000D0340F6B8320192012200922E22A62155
:109C8000204800F05FFB0346FB7397F90F30002B71
:109C900025D103237B7307F10D0340F6B8320192FF
:109CA000012200922A22A621164800F04BFB03460F
:109CB000FB7397F90F30002B12E000BF10E000BFDC
:109CC0000EE000BF0CE000BF0AE000BF08E000BFEC
:109CD00006E000BF04E000BF02E000BF00E000BFFC
:109CE00097F90F30002B08D0FA7997F90F30064911
:109CF000064802F089F9002300E0012318461037D6
:109D0000BD4680BDAC02002034F40008C4F0000859
:109D100080B584B002AFFF23FB710023BB71BB1D74
:109D200040F6B8320192012200920022A6210B488F
:109D300000F058FB0346FB7197F90730002B01D167
:109D4000BB7907E097F907301A460549054802F044
:109D50005BF9002318460837BD4680BDAC020020E1
:109D600044F40008E4F0000880B58AB002AFF8605F
:109D7000B9607A60FF23FB77FB684FF000021A603E
:109D8000BB684FF000021A607B684FF000021A6057
:109D90000023BB8300237B8300233B8307F1100355
:109DA00000221A609A8007F1100340F6B83201923F
:109DB000062200923222A6212A4800F013FB034615
:109DC000FB7797F91F30002B08D097F91F301A4600
:109DD0002549264802F018F900233FE07B7C1BB29E
:109DE0001B021AB23B7C1BB21343BB83FB7C1BB22E
:109DF0001B021AB2BB7C1BB213437B837B7D1BB25D
:109E00001B021AB23B7D1BB213433B83B7F91C30D4
:109E100007EE903AB8EEE77ADFED156AC7EE267ADC
:109E2000FB68C3ED007AB7F91A3007EE903AB8EE46
:109E3000E77ADFED0F6AC7EE267ABB68C3ED007ADA
:109E4000B7F9183007EE903AB8EEE77ADFED086A16
:109E5000C7EE267A7B68C3ED007A012318462037C7
:109E6000BD4680BDAC02002058F40008E4F00008B4
:109E70000000804380B500AF40F201220021054878
:109E800002F076FA044B00221A70044B00221A806A
:109E900000BF80BD406B0020416D0020426D00205E
:109EA00080B582B000AF0D4802F01EF90023FB80A0
:109EB00008E0FB880A4AD35C184602F0B7F8FB8832
:109EC0000133FB80074B1B88FA889A42F1D306487E
:109ED00002F00AF900BF0837BD4680BDF8F000085F
:109EE000406B0020426D002008F1000880B582B070
:109EF00000AF78600B46FB70FB78032B1FD0032B61
:109F000020DC012B1DD0022B1CD1104B1B881A46C4
:109F10000F4B19780F4B99540C4B1B8801335A4245
:109F2000C3F30803C2F3080258BF53429AB2074B67
:109F30001A8001220649786800F0C8FC02E000BFE0
:109F400000E000BF00BF0837BD4680BD426D002065
:109F5000416D0020406B002080B584B000AF786078
:109F6000786800F047FC0346FB7397F90F30002B2D
:109F700001D0012305E001220449786800F0A6FC25
:109F8000002318461037BD4680BD00BF416D00203C
:109F900080B586B000AFF860B9603B601346FB80C7
:109FA0000023FB752F4B1B78002B01D0032354E0BB
:109FB000B9682D4802F028F8BB8DFA88B968F868AE
:109FC00000F052FC0346BB7597F91630002B01D008
:109FD000012342E00223FB752BE0244B1B780A2B64
:109FE00024D1234B1B88022B20D9BB6A002B09D01C
:109FF000B96A204801F0B2F80346002B16D00023BE
:10A00000FB751BE01C491B4802F0BAF90346002B04
:10A0100002D00023FB7511E01849164802F0B0F990
:10A020000346002B02D00123FB7507E0012000F05E
:10A030009EFBBB8D5A1EBA85002BCED197F82430DB
:10A04000002B05D03B8C1A460A49386802F035FAD5
:10A05000FFF726FFFFF70EFFFB7D18461837BD46BA
:10A0600080BD00BF446D00201CF10008416D002040
:10A07000426D0020406B002030F1000834F10008F0
:10A0800080B58CB000AFF8607A601A460B467B81D1
:10A0900013467B7207F11C0300221A605A609A6013
:10A0A000DA601A61FB683F4A93420ED10023BB611C
:10A0B0003D4B1B6B3C4A43F0010313633A4B1B6B54
:10A0C00003F00103BB61BB6924E0FB68374A93429C
:10A0D0000ED100237B61344B1B6B334A43F00203E8
:10A0E0001363314B1B6B03F002037B617B6911E04F
:10A0F000FB682F4A93420DD100233B612A4B1B6B17
:10A10000294A43F004031363274B1B6B03F004033A
:10A110003B613B697B68B3F5441F2ED07B68B3F588
:10A12000441F31D87B68B3F5041F26D07B68B3F594
:10A13000041F29D87B68B3F5881F1ED07B68B3F550
:10A14000881F21D87B68032B17D07B68032B1BD873
:10A150007B68002B11D07B68012B15D17B890022F5
:10A160001946F868F7F730FF7B89FB617B683B6233
:10A170007B7A7B620023BB6209E07B89FB617B68A1
:10A180003B627B7A7B6202E06FF0010306E007F13D
:10A190001C031946F868F7F77BFD00231846303793
:10A1A000BD4680BD0000024000380240000402406D
:10A1B0000008024080B582B000AF7860002205211F
:10A1C0001720F7F78AFC1720F7F7A3FC00BF083722
:10A1D000BD4680BD80B582B000AF78600B467B8005
:10A1E0007B8819467868F7F7D7FE0346012B01D123
:10A1F000012300E0002318460837BD4680BD80B526
:10A2000082B000AF78600B467B807B881946786807
:10A21000F7F7F3FE00BF0837BD4680BD80B483B0BA
:10A2200000AF7860044B01221A7000BF0C37BD46A6
:10A230005DF8047B704700BF456D002080B483B09B
:10A2400000AF7860044B01221A7000BF0C37BD4686
:10A250005DF8047B704700BF456D002080B483B07B
:10A2600000AF7860044B01221A7000BF0C37BD4666
:10A270005DF8047B704700BF456D002080B483B05B
:10A2800000AF7860044B01221A7000BF0C37BD4646
:10A290005DF8047B704700BF456D002080B483B03B
:10A2A00000AF7860044B01221A7000BF0C37BD4626
:10A2B0005DF8047B704700BF466D002080B400AF9E
:10A2C000054B00221A70054B00221A7000BFBD46D4
:10A2D0005DF8047B704700BF456D0020466D00208F
:10A2E00080B584B000AF7860134801F0FDFE012313
:10A2F000FB7315E0FB7B9BB25B0099B20A23012242
:10A300007868F8F76FF90346BB73BB7B002B04D169
:10A31000FB7B1946094801F077FEFB7B0133FB7399
:10A3200097F90F30002BE5DA054801F0DDFE00BF9C
:10A330001037BD4680BD00BF3CF1000854F1000855
:10A3400070F1000880B588B002AFF8607B600B4602
:10A350007B8113463B81FFF7B1FFFF23FB75FB6851
:10A36000002B05D07B68002B02D03B8C002B02D148
:10A370006FF003032EE03A8979893B8C01937B6867
:10A3800000930123F868F7F7C5FF0346BB75BB7D53
:10A39000002B02D0BB7D022B1AD1FE23FB7512E0ED
:10A3A0000E4B1B78DBB2002B02D00023FB750FE0B5
:10A3B0000B4B1B78DBB2002B02D0FF23FB7507E0B1
:10A3C0000120F7F775FA7B6A5A1E7A62002BE7D1F3
:10A3D00097F9173018461837BD4680BD456D0020E7
:10A3E000466D002080B588B002AFF8607B600B46F8
:10A3F0007B8113463B81FFF761FFFF23FB75FB6801
:10A40000002B05D07B68002B02D03B8C002B02D1A7
:10A410006FF003032EE03A8979893B8C01937B68C6
:10A4200000930123F868F8F723F80346BB75BB7D5A
:10A43000002B02D0BB7D022B1AD1FE23FB7512E04C
:10A440000E4B1B78DBB2002B02D00023FB750FE014
:10A450000B4B1B78DBB2002B02D0FF23FB7507E010
:10A460000120F7F725FA7B6A5A1E7A62002BE7D1A2
:10A4700097F9173018461837BD4680BD456D002046
:10A48000466D002080B582B000AF0346FB71FB79BA
:10A49000002B04D120210448FFF7B1FE00BF00BF0C
:10A4A0000837BD4680BD00BF0000024080B582B0C5
:10A4B00000AF78607B681B68164A934203D1002086
:10A4C00000F054FD22E07B681B68B3F1804F03D19C
:10A4D000012000F04BFD19E07B681B680E4A934297
:10A4E00003D1022000F042FD10E07B681B680B4A9C
:10A4F000934203D1032000F039FD07E07B681B681D
:10A50000074A934202D1042000F030FD00BF083713
:10A51000BD4680BD0000014000040040000800402E
:10A52000000C004080B489B000AFBA607B60034685
:10A53000FB730B46BB810023FB77FB7B344A02FB9A
:10A5400003F3344AA2FB03239B0907EE903AB8EECB
:10A55000677ABB8907EE903AF8EE677A67EE277A5A
:10A56000C7ED057A4FF000033B614FF6FF73BB6107
:10A570003AE0BB6907EE903AB8EE677AD7ED056A24
:10A58000C6EE877AC7ED047AD7ED047AFCEEE77A57
:10A59000F8EE677A97ED047AB4EE677AF1EE10FA86
:10A5A0001ED1D7ED047A9FED1C7AF4EEC77AF1EE56
:10A5B00010FA16D8BB699BB2013B9AB27B681A802D
:10A5C000D7ED047AB7EE007A77EEC77AFCEEE77A39
:10A5D00017EE903A9AB2BB681A800123FB7706E027
:10A5E00000BFBB69013BBB61BB69002BC1D1FB7FD5
:10A5F000002B06D1BB6800221A8000237B60002359
:10A6000000E0012318462437BD465DF8047B7047FF
:10A6100040420F00D34D621000FF7F4780B58CB0E1
:10A6200000AFF860084611461A460346FB720B4617
:10A630003B811346FB8007F11C0300221A605A601D
:10A640009A60DA6007F1140300221A605A60FB7AFC
:10A65000022B1DD1FB68274A1A6000BFFA88FB68ED
:10A660005A60FB6800229A603A8FFB68DA60FB68E8
:10A6700000221A61FB6880229A61F868FAF77CFA76
:10A68000034687F82F3097F82F30002B06D002E0D2
:10A690006FF001032AE04FF0FF3327E04FF48053BF
:10A6A000FB6107F11C031946F868FAF736FC03460C
:10A6B00087F82F3097F82F30002B02D04FF0FF3360
:10A6C00014E000237B610023BB6107F114031946EA
:10A6D000F868FAF745FE034687F82F3097F82F30D1
:10A6E000002B02D04FF0FF3300E000231846303734
:10A6F000BD4680BD0004004080B584B000AF7860E6
:10A700007868FAF789FA0346FB73FB7B002B02D0CB
:10A710004FF0FF3300E0002318461037BD4680BDE0
:10A7200080B584B000AF78607868FAF7D7FA03464E
:10A73000FB73FB7B002B02D04FF0FF3300E00023C4
:10A7400018461037BD4680BD80B584B000AF786034
:10A750007868FAF7D1FC0346FB73FB7B022B01D12F
:10A76000012300E0002318461037BD4680BD80B5A8
:10A7700082B000AF78607868FBF7DCFF00BF083775
:10A78000BD4680BD80B500AFFBF72CFF03461846E1
:10A7900080BD80B582B000AF7860FBF723FF024632
:10A7A0007B68D31A18460837BD4680BD80B582B095
:10A7B00000AF786001217868FFF798FB00BF083789
:10A7C000BD4680BD80B582B000AF78600221786858
:10A7D000FFF78CFB00BF0837BD4680BD80B582B057
:10A7E00000AF786003217868FFF780FB00BF08376F
:10A7F000BD4680BD80B584B000AF78607B68002224
:10A800009A607B680022DA607B6800221A617B68AC
:10A810000C225A617B6800229A617B680022DA610F
:10A820007868FAF71FFE0346FB73FB7B032B15D8F2
:10A8300001A252F823F000BF49A8000857A8000859
:10A840004DA8000851A80008002309E0012307E0F3
:10A850004FF0FF3304E06FF0010301E06FF00103FC
:10A8600018461037BD4680BD80B586B000AFF86091
:10A87000B96011461A460B46FB801346BB80BB8865
:10A88000FA88B968F868FAF73DFE0346FB75FB7D68
:10A89000032B15D801A252F823F000BFADA8000881
:10A8A000BBA80008B1A80008B5A80008002309E06B
:10A8B000012307E04FF0FF3304E06FF0010301E0F4
:10A8C0006FF0010318461837BD4680BD80B586B0CD
:10A8D00000AFF860B9601346FB80FB881A46B96880
:10A8E000F868FAF79AFE0346FB75FB7D032B15D833
:10A8F00001A252F823F000BF09A9000817A9000817
:10A900000DA9000811A90008002309E0012307E0B0
:10A910004FF0FF3304E06FF0010301E06FF001033B
:10A9200018461837BD4680BD80B485B000AF0346D9
:10A93000FB710023FB7315E0FA7B0F4913465B00A4
:10A9400013449B000B441B78FA799A4207D1FA7B97
:10A9500013465B0013449B00074A134406E0FB7B4D
:10A960000133FB73FB7B0E2BE6D90023184614370B
:10A97000BD465DF8047B70471000002080B596B09E
:10A9800004AFF860B9603B601346FB801849194872
:10A9900001F03AFB07F1140332220021184601F0BE
:10A9A000E7FC07F11401FA88B7F854300393002349
:10A9B000029301230193312300930B46B968F86891
:10A9C000FFF7E6FA034687F8473097F84730002B41
:10A9D00001D0002308E0B7F8502007F114033968CC
:10A9E000184600F075FC012318464837BD4680BD67
:10A9F00070F4000844F2000880B58AB004AFF86033
:10AA0000B9603B601346FB800E490F4801F0FCFA29
:10AA1000FA88BB8C039300230293012301933B8CA0
:10AA200000933B68B968F868FFF7B2FA0346FB7514
:10AA3000FB7D002B01D0002300E0012318461837CE
:10AA4000BD4680BD7CF4000844F2000880B596B095
:10AA500004AFF860B9603B601346FB8018491948A1
:10AA600001F0D2FA07F1140332220021184601F056
:10AA70007FFC07F11401FA88B7F8543003930023E0
:10AA8000029301230193312300930B46B968F868C0
:10AA9000FFF77EFA034687F8473097F84730002BD8
:10AAA00001D0002308E0B7F8502007F114033968FB
:10AAB000184600F00DFC012318464837BD4680BDFE
:10AAC00088F4000844F2000880B590B004AFF86044
:10AAD000B9603B601346FB801C491D4801F094FAA5
:10AAE00007F110031E220021184601F041FC07F176
:10AAF0001001FA88BB8F0393002302930123019373
:10AB00001D2300930B46B968F868FFF741FA034626
:10AB100087F82F3097F82F30002B01D0002310E05A
:10AB200007F110030B49184601F02AFC0346002BDD
:10AB300003D03B6831221A7002E03B6830221A7061
:10AB4000012318463037BD4680BD00BF98F4000889
:10AB500044F200084CF2000880B592B004AFF860EF
:10AB6000B9603B601346FB802349244801F04CFA4E
:10AB700007F118031E220021184601F0F9FB07F126
:10AB80001801FA88B7F84430039300230293012395
:10AB900001931D2300930B46B968F868FFF7F8F995
:10ABA000034687F8373097F83730002B01D0002361
:10ABB0001EE000237B6100233B6107F1100307F1D6
:10ABC000140207F118000E4901F0CCFAB7F8403032
:10ABD000012B0CD97B69DBB23033DAB23B681A70D7
:10ABE0003B69DAB23B6801333032D2B21A700123CA
:10ABF00018463837BD4680BDA8F4000844F2000866
:10AC00005CF2000880B594B004AFF860B9603B60B6
:10AC10001346FB802049214801F0F6F907F118039B
:10AC20001E220021184601F0A3FB07F11801FA8843
:10AC3000B7F84C30039300230293012301931D23A3
:10AC400000930B46B968F868FFF7A2F9034687F846
:10AC50003F3097F83F30002B01D0002318E000234D
:10AC60007B6107F1140207F118030D49184601F042
:10AC700079FA7B69DBB2184600F058FB0346BB63E8
:10AC8000B7F84810BB6B074A386801F035FA012362
:10AC900018464037BD4680BDB4F4000844F20008B1
:10ACA00070F200087CF2000880B582B000AF01238A
:10ACB000FB710B4B0B4A1A60094B4FF4E1325A609F
:10ACC0000748FFF749F90346FB71FB79002B01D0D8
:10ACD000002300E0012318460837BD4680BD00BFB1
:10ACE0004C03002000100140B0B58AB004AF3A60B8
:10ACF0001A460346FB710B46BB711346BB8000230B
:10AD00007B61FB79002B02D1274B7B6101E0274B54
:10AD10007B61BB791846FFF707FE38613B69002B62
:10AD200006D1BB791946224801F06EF9002336E0BE
:10AD30003B699B68002B1ED13B695C683B695B6883
:10AD40001846F5F79DFA03469AB23B8D039300230C
:10AD5000029301230193BB8800933B6821467869E5
:10AD6000FFF716F90346FB73FB7B002B01D0002392
:10AD700015E0012313E03B699C683B695D683B6912
:10AD80005B681846F5F77CFA03469AB23B8D01934F
:10AD9000BB8800933B6829467869A047034618465C
:10ADA0001837BD46B0BD00BF4C030020486D0020E1
:10ADB00080F2000880B588B004AF0346FB71002321
:10ADC000FB60FB79002B02D1144BFB6001E0144BBC
:10ADD000FB600023FB7218E04FF47A7303930023A7
:10ADE00002930023019300230093002304220D49C2
:10ADF000F868FFF7CDF80346BB72BB7A002B01D190
:10AE0000012306E0FB7A0133FB72FB7A092BE3D9BD
:10AE1000002318461037BD4680BD00BF4C030020FC
:10AE2000486D0020A0F2000880B500AF0A48FFF787
:10AE30008BFC0346002B0DD105220021074801F0B1
:10AE400097FA074B00221A70064801F04DF90248A4
:10AE5000FFF752FC00BF80BD04030020906D00206E
:10AE6000956D0020A8F2000880B584B000AF78602E
:10AE70007868FFF78EFCF860F968114801F0C4F8B3
:10AE8000FB68312B09D9FB6840F2EE22934204D8CB
:10AE90000C4801F029F900230EE0FB68B3F5487F68
:10AEA00006D3FB6840F21452934201D8012303E019
:10AEB000054801F019F9022318461037BD4680BD38
:10AEC000B8F20008CCF20008DCF2000890B484B0BC
:10AED00000AF78600023FB730023BB733AE07B680C
:10AEE0001979BA7B204813469B001344034404336A
:10AEF0001B7899422AD10123FB7300237B7315E051
:10AF00007B7B7A6813445978BA7B787B164C13465E
:10AF10009B0013442344034401331B78994202D01D
:10AF20000023FB7307E07B7B01337B737B681B791A
:10AF30007A7B9A42E4D3FB7B002B08D0BA7B0A4988
:10AF400013469B0013440B441B7807E000BFBB7BF8
:10AF50000133BB73BB7B032BC1D9042318461037C5
:10AF6000BD4690BC704700BFC0F4000890B585B0E6
:10AF700000AF0346FB71FB79022B40F08D8040212E
:10AF80004948FFF727F90346FB73484B1B78022B10
:10AF900075D0022B00F38580002B02D0012B19D035
:10AFA0007FE0FB7B012B08D1FFF7ECFB0346404A17
:10AFB00013603E4B01221A7070E03D4B1B6818462F
:10AFC000FFF7E7FB0346B3F5487F67D9374B02220B
:10AFD0001A7063E0FB7B002B29D1364B1B793B7346
:10AFE000344B1B79032B08D1324B00221A713B7B67
:10AFF000304A134402225A700AE02D4B1B683C7BF6
:10B000001846FFF731FF03461A462A4B23445A706D
:10B01000284B1B790133DAB2264B1A71FFF7B2FBCA
:10B020000346234A1360214B00221A7038E0204B5C
:10B030001B681846FFF7ADFB0346B3F5E16F2FD948
:10B040001C4B1B797B731B4B1B79032B08D1194BB2
:10B0500000221A717B7B174A134402225A700AE0BD
:10B060007B7B144A134401225A70124B1B79013323
:10B07000DAB2104B1A710D4B02221A7010E00D4813
:10B08000FFF724FF0346BB73BB7B1846FEF76CFA41
:10B090000948FFF745FB04E000BF02E000BF00E005
:10B0A00000BF1437BD4690BD00000240956D0020E2
:10B0B000986D0020906D00200403002080B584B0BE
:10B0C00002AF02234FF4881240211D48FEF7D8FF3B
:10B0D0000346002B04D01B491B4800F095FF2AE0D3
:10B0E0000023FB800023BB803B1DBA1D14211020D0
:10B0F000FFF718FA0346002B04D11249134800F059
:10B1000083FF18E0FA88BB880093134614220221BB
:10B110000F48FFF783FA0346002B04D009490D4876
:10B1200000F072FF07E04FF48810FFF743F80A4879
:10B1300000F0DAFFFFE700BF0837BD4680BD00BF63
:10B1400000000240D4F40008ECF2000810F30008FC
:10B150000403002034F3000860F300082DE9F04FE9
:10B160008DB000AF786139616B467B607869F5F727
:10B1700087F80346591C0B46013BBB620023B960AC
:10B18000FB604FF000024FF00003F868C300B8689E
:10B1900043EA5073B868C20000238A469B464FF0CA
:10B1A00000024FF000034FEACB0343EA5A734FEA21
:10B1B000CA02B960CB1DDB08DB00ADEB030D6B46AB
:10B1C00000337B623869F5F75BF803465E1C334653
:10B1D000013B3B620023B04699464FF000024FF01E
:10B1E00000034FEAC90343EA58734FEAC802002339
:10B1F00034461D464FF000024FF00003EB0043EAD7
:10B200005473E200F31DDB08DB00ADEB030D6B466E
:10B210000033FB61BA680021786A01F0A9F8324670
:10B220000021F86901F0A4F80023FB850023BB8509
:10B2300018E07B691B78BB76BB7E0133234A13443D
:10B240001B7803F00303022B02D1BB7E203B00E0FE
:10B25000BB7EFA8D511CF985D9B27B6A99547B6902
:10B2600001337B617B691B78002BE2D118E03B69DD
:10B270001B78FB76FB7E0133144A13441B7803F0E2
:10B280000303022B02D1FB7E203B00E0FB7EBA8D44
:10B29000511CB985D9B2FB6999543B6901333B61B3
:10B2A0003B691B78002BE2D1F969786A01F068F8F4
:10B2B0000346002B14BF01230023DBB2D7F804D0D0
:10B2C00018463437BD46BDE8F08F00BFE5F40008EE
:10B2D00080B487B000AFF860B9601346FB800023EC
:10B2E000FB8217E0FB681B782F2B10D9FB681B78BB
:10B2F000392B0CD8FA8AFB889A4208D2FB8A5A1C4E
:10B30000FA821A46BB681344FA6812781A70FB680E
:10B310000133FB60FB681B78002BE3D100BF00BF4B
:10B320001C37BD465DF8047B7047000080B485B0D3
:10B3300000AF0346FB710023FB81FB791F2B47DC29
:10B34000002B5FDB1F2B5DD801A252F823F000BF5A
:10B35000D7B30008DFB30008E7B3000805B400085E
:10B3600005B4000805B4000805B4000805B40008D9
:10B3700005B4000805B4000805B4000805B40008C9
:10B3800005B4000805B4000805B4000805B40008B9
:10B3900005B4000805B4000805B4000805B40008A9
:10B3A00005B4000805B4000805B4000805B4000899
:10B3B00005B4000805B4000805B4000805B4000889
:10B3C00005B4000805B40008EFB30008F7B300089F
:10B3D000632B14D016E04FF68F73FB8119E04FF604
:10B3E0009173FB8115E04FF69373FB8111E04FF6EB
:10B3F000CB73FB810DE04FF6CD73FB8109E0002399
:10B40000FB8106E0FB799BB25B009BB2713B9BB278
:10B41000FB81B7F90E3018461437BD465DF8047B42
:10B42000704700BF024B0A460146186800F002B898
:10B430003C02002070B5A1FB025434B9294600F04B
:10B440003FF8064628B9304670BD0C22026000263F
:10B45000F9E72A46214600F08BFFF4E7024B01464C
:10B46000186800F02DB800BF3C020020024B0146D6
:10B47000186801F089BE00BF3C02002070B50F4E75
:10B480000C463168054611B900F0C8FF306021460E
:10B49000284600F0C3FF431C03D14FF0FF34204681
:10B4A00070BDC41C24F00304A042F8D0211A284621
:10B4B00000F0B4FF0130F2D1EFE700BF9C6D002037
:10B4C0002DE9F843CD1C25F0030508350C2D38BFB8
:10B4D0000C25002D064601DBA94204D90C2333605C
:10B4E0000020BDE8F883DFF8D48000F069F8D8F8D0
:10B4F00000301C4644BB29463046FFF7BFFF431CC3
:10B50000044658D1D8F800402746002F43D1002CDC
:10B510004BD023683946304604EB030900F07EFF28
:10B52000814542D121686D1A29463046FFF7A6FFB2
:10B5300001303AD023682B442360D8F800305A6891
:10B5400062BBC8F800700FE02268521B20D40B2A9F
:10B5500017D96119A342256018BF5960636808BFF5
:10B56000C8F8001062514B60304600F02FF804F12B
:10B570000B00231D20F00700C21A1CBF1B1AA3508A
:10B58000AFE76268A3420CBFC8F800205A60EBE73F
:10B5900023466468AEE73C467F68B6E71A465B68B8
:10B5A000A342FBD100235360DEE70C233360304617
:10B5B00000F00CF894E70560D6E700BFA06D00200E
:10B5C000014800F078BF00BFE46E0020014800F0A1
:10B5D00073BF00BFE46E00202DE9FF4757EC106BEE
:10B5E000002F0C4619463B46BBBF07F100431F46E0
:10B5F00000232D230B700D9BDDF830A0914623F026
:10B600002008BCBF32461646B8F1460F05D0B8F147
:10B61000450F00D10134022100E0032103AB019367
:10B6200002AB009347EC106B5346224600F0DCFF60
:10B63000B8F1470F054619D119F0010F0ED000EBF4
:10B6400004090022002330463946F5F745FA08B1CF
:10B65000CDF80C903022039B4B451ED3039B0E9AD2
:10B660005B1B2846136004B0BDE8F087B8F1460FB5
:10B6700000EB0409E5D10378302B0AD10022002326
:10B6800030463946F5F728FA18B9C4F10104CAF86A
:10B690000040DAF800309944D3E7591C03911A703E
:10B6A000D9E7F7B50029BABF49422D232B23092931
:10B6B0000270437029DD0DF107031D460A271A4663
:10B6C000B1FBF7F607FB1614303402F8014C0C46B8
:10B6D000632C03F1FF333146F1DC3031941E03F863
:10B6E000011C411C2346AB420AD30DF109039B1AEE
:10B6F000AC4288BF002302330344181A03B0F0BDE4
:10B7000013F8016B01F8016FEDE7302330318370DE
:10B71000C170031DF1E700002DE9F04F8DB00C461C
:10B72000DDF8588016461F46054600F03FFE0368C8
:10B7300004931846F4F7A4FD00230A93D8F80030C8
:10B740000590073323F0070303F1080294F818A0CB
:10B75000D4F800B0C8F80020D3E9008929F00043EC
:10B760000793CDF81880C4E91289DDE906019C4BE6
:10B770004FF0FF32F5F7E2F970BBDDE90601984BB7
:10B780004FF0FF32F5F7BCF930BB002200234046F2
:10B790004946F5F7ABF910B12D2384F84330914AAF
:10B7A000914BBAF1470F8CBF904698460323236113
:10B7B0002BF0040323604FF00009009733460BAAD7
:10B7C0002146284600F0D2F9013040F08D804FF03C
:10B7D000FF300DB0BDE8F08F42464B46404649462B
:10B7E000F5F7ACF940B14B46002BBCBF2D2384F8D4
:10B7F00043307E4A7E4BD4E763680AF0DF0206924C
:10B800005A1C3BD1062363604BF480620023226004
:10B8100003930AABCDE901A309AB0093616849EC3E
:10B82000108B0DF123032846FFF7D6FE069B0999DE
:10B83000472B804629D1C81C02DB6368994241DD51
:10B84000AAF1020A5FFA8AFA0139524604F150005D
:10B850000991FFF726FF0A9A1318012A81462361EE
:10B8600002DC2268D20701D5013323619DF8233021
:10B87000002BA2D02D2384F843309EE7069A472A56
:10B88000C2D1002BC0D10123BDE7BAF1650FDBD9CE
:10B89000BAF1660F18D1002963680BDD216113B975
:10B8A0002268D00702D501330B442361A1654FF014
:10B8B0000009DBE713B92268D20701D50233F4E7A8
:10B8C0000123F2E74FF0670A0A9B994205DB2368E0
:10B8D0002161D807EAD54B1CE7E70029D4BFC1F1A5
:10B8E000020201221344E0E723685A0507D42369C2
:10B8F000424631462846B84701302BD167E7BAF1B6
:10B90000650F40F2DD80D4E9120100220023F5F733
:10B91000E3F8002833D0374A012331462846B84798
:10B9200001303FF454AFDDE90938434502DB2368B9
:10B93000D8070FD5DDE9042331462846B847013042
:10B940003FF445AF4FF0000908F1FF3804F11A0A3F
:10B95000C84509DC23689B0700F10381E0680B9B65
:10B960009842B8BF184634E701235246314628466C
:10B97000B84701303FF42BAF09F10109E8E7099B13
:10B98000002B39DC1B4A012331462846B8470130D9
:10B990003FF41DAFDDE9093959EA030302D12368F9
:10B9A000D907D7D5DDE9042331462846B847013009
:10B9B0003FF40DAF4FF0000A04F11A0B099B5B42F4
:10B9C000534501DC4B4693E701235A46314628464E
:10B9D000B84701303FF4FBAE0AF1010AEEE700BFC1
:10B9E000FFFFEF7FEAF50008E6F50008F2F5000832
:10B9F000EEF500082FF70008A36DDDF828A05345E9
:10BA0000A8BF5346002B994636DC4FF0000B29EABD
:10BA1000E97904F11A02A36D0693A3EB09035B45D0
:10BA200031DC099B9A453ADC2368DA0737D4099B55
:10BA3000AAEB0309069BAAEB03039945A8BF994605
:10BA4000B9F1000F33DC4FF0000829EAE97904F17D
:10BA50001A0B099BAAEB0303A3EB090343457FF7EA
:10BA600079AF01235A4631462846B84701303FF4A2
:10BA7000AEAE08F10108ECE7424631462846B84729
:10BA80000130C2D1A3E60123314628460692B847C9
:10BA900001303FF49CAE069A0BF1010BBBE7DDE9E8
:10BAA000042331462846B8470130C0D18FE6069AB4
:10BAB0004B46424431462846B8470130C3D186E65A
:10BAC000DDF828A0BAF1010F01DCDB0736D5012330
:10BAD000424631462846B84701303FF478AEDDE9AA
:10BAE000042331462846B84701303FF470AED4E90C
:10BAF0001201002200230AF1FF3AF4F7EDFFC0B96A
:10BB0000534608F1010231462846B84701300CD1AE
:10BB10005DE601235A4631462846B84701303FF4D6
:10BB200056AE08F10108D045F3DB4B4604F1500254
:10BB3000DFE64FF0000804F11A0BF4E70123424658
:10BB4000E1E701234A4631462846B84701303FF431
:10BB50003EAE08F10108E3680B995B1A4345F0DC3F
:10BB6000FCE64FF0000804F11909F4E72DE9F0476D
:10BB7000164698468A680B69DDF820909342B8BF54
:10BB80001346336091F8432007460C460AB101334F
:10BB900033602368990642BF3368023333602568F7
:10BBA00015F0060506D104F1190AE36832689B1AFC
:10BBB000AB4226DC94F843302268003B18BF0123D7
:10BBC00092062BD404F1430241463846C84701305F
:10BBD0001ED02368226903F00603042B02BFE56828
:10BBE0003368ED1AA3680CBF25EAE575002593427A
:10BBF000C4BF9B1AED1800261A34B5421AD1002092
:10BC000008E00123524641463846C847013003D177
:10BC10004FF0FF30BDE8F0870135C6E7E1185A1C48
:10BC2000302081F84300224494F8451082F84310F4
:10BC30000233C7E70123224641463846C847013050
:10BC4000E6D00136D9E700002DE9FF470F7E0C9EB4
:10BC5000782F914680460C469A4601F1430207D858
:10BC6000622F0AD8002F00F0D180582F00F0B88042
:10BC700004F1420684F842703AE0A7F16303152B01
:10BC8000F6D801A151F823F0E1BC0008F5BC00088A
:10BC900071BC000871BC000871BC000871BC0008D0
:10BCA000F5BC000871BC000871BC000871BC00083C
:10BCB00071BC0008F3BD00081FBD0008ADBD000841
:10BCC00071BC000871BC000815BE000871BC0008FA
:10BCD0001FBD000871BC000871BC0008B5BD00089C
:10BCE00033681A1D1B68326004F1420684F8423042
:10BCF00001239CE033682068191D3160060601D5D8
:10BD00001D6803E04506FBD5B3F90050002D03DAAA
:10BD10002D236D4284F8433058480A2311E02168EE
:10BD20003368080653F8045B02D4490648BFADB235
:10BD30006F2F5248336014BF0A230823002184F870
:10BD400043106668A660002E05DB21682E4321F0B3
:10BD5000040121604BD01646B5FBF3F103FB1157EC
:10BD6000C75D06F8017D2F46BB420D46F4D9082B6E
:10BD70000BD12368DF0708D5236961689942DEBFCC
:10BD8000302306F8013C06F1FF36921B2261CDF804
:10BD900000A04B4603AA21464046FFF7E7FE0130CC
:10BDA0004AD14FF0FF3004B0BDE8F087236843F07C
:10BDB000200323603248782784F84570236831686F
:10BDC0001F0651F8045B02D45F0648BFADB2316074
:10BDD000D90744BF43F0200323601DB11023ADE712
:10BDE0002648E9E7236823F020032360F6E7164698
:10BDF000BDE7336825686169181D30602E061B6831
:10BE000001D5196002E06806FBD519800023236183
:10BE10001646BCE733681A1D32601E68626800214E
:10BE20003046F4F7DDF908B1801B60606368236178
:10BE3000002384F84330AAE7236932464946404646
:10BE4000D0470130ADD023689B0713D4E068039B33
:10BE50009842B8BF1846A6E70123324649464046F5
:10BE6000D04701309DD00135E36803995B1AAB429E
:10BE7000F2DCEBE7002504F11906F5E7F6F500081A
:10BE800007F60008002310B50446C0E90033C0E9F6
:10BE90000433836081814366C2818361194608222D
:10BEA0005C3000F065FA0D4B63620D4BA3620D4BE5
:10BEB000E3620D4B23630D4B24629C4206D003F1D9
:10BEC0006802944202D0D0339C4205D104F158005C
:10BED000BDE8104000F0EEBA10BD00BFBDC10008C3
:10BEE000E3C100081BC200083FC20008A46D002087
:10BEF000024A0349034800F069B800BFC4000020AB
:10BF0000C5E500084002002041680C4B994210B57D
:10BF1000044601D002F056FBA168094B994202D0B9
:10BF2000204602F04FFBE168064B994204D02046C0
:10BF3000BDE8104002F046BB10BD00BFA46D00205C
:10BF40000C6E0020746E002010B50B4B0B4C0C4A8D
:10BF50001A60204600220421FFF794FF04F16800D4
:10BF600001220921FFF78EFF04F1D0000222BDE873
:10BF700010401221FFF786BFDC6E0020A46D002068
:10BF8000F1BE0008014800F096BA00BFE56E00203F
:10BF9000014800F091BA00BFE56E002010B50446DC
:10BFA000FFF7F0FF236A1BB1BDE81040FFF7F0BFB9
:10BFB000044B2362044B1B68002BF5D1FFF7C4FF31
:10BFC000F2E700BF09BF0008DC6E00202DE9F8434E
:10BFD0000746884614460026D4E90195B9F10109BF
:10BFE00005D52468002CF7D13046BDE8F883AB892D
:10BFF000012B07D9B5F90E30013303D02946384655
:10C00000C04706436835E9E70FB407B5064904ABF6
:10C01000086853F8042B8168019301F0E9FF03B02D
:10C020005DF804EB04B070473C020020024B01466F
:10C030001868826802F050BB3C020020036A70B5A9
:10C04000846805460E460BB9FFF7A8FF636EDB0751
:10C0500005D4A389980502D4A06D00F02CFAA38919
:10C06000190702D52369002B35D12146284600F057
:10C0700029F980B34FF0FF35636EDA0705D4A38941
:10C080009B0502D4A06D00F017FA284670BD002B66
:10C0900004DAA2699A4217DC0A2915D023685A1CCF
:10C0A00022601970A36816F8011F013BA3600029E4
:10C0B000EDD1002B11DA22460A21284600F0C3F800
:10C0C0000130D7D00A25D7E72246284600F0BBF832
:10C0D0000130E7D1CEE7013EE4E723685A1C226035
:10C0E0000A221A70EEE70000024B01461868FFF7BB
:10C0F000A5BF00BF3C0200200CB430B5184B0C1E8D
:10C100001D689DB008DA8B232B604FF0FF301DB007
:10C11000BDE8304002B070474FF40273ADF8143000
:10C120004FF000031B9314BF04F1FF332346049325
:10C1300007934FF6FF7302900690ADF81630209AE1
:10C1400021AB02A92846019301F05CFC431CBCBF53
:10C150008B232B60002CDAD0029B00221A70D6E7CA
:10C160003C0200200EB470B59DB021AC00254FF408
:10C17000017254F8046BADF814201B9502900690E0
:10C18000F4F77EF80B4B039007900B480B934FF698
:10C19000FF73ADF816303246234602A900680F95AA
:10C1A0001495019401F084FD1DB0BDE8704003B00A
:10C1B000704700BFDFC100083C02002010B50C46EC
:10C1C000B1F90E1000F018F90028ABBF636DA38918
:10C1D0001B1823F48053ACBF6365A38110BD0020FE
:10C1E00070472DE9F0411F468B89DB0505460C465B
:10C1F000164605D5B1F90E100223002200F0EAF828
:10C20000A389B4F90E1023F48053A38132463B4630
:10C210002846BDE8F04100F011B910B50C46B1F95F
:10C220000E1000F0D7F8431CA38915BF606523F4F6
:10C23000805343F48053A38118BFA38110BDB1F98B
:10C240000E1000F0B7B8F8B50E461446054618B102
:10C25000036A0BB9FFF7A2FEA369A360A3891A07BB
:10C2600001D5236943B92146284600F02BF818B1BF
:10C270004FF0FF373846F8BD23682269981A636982
:10C28000F6B28342374605DC2146284602F09AF989
:10C290000028EDD1A368013BA36023685A1C2260EB
:10C2A0001E706269431C9A4204D0A389DB07E1D562
:10C2B0000A2EDFD12146284602F084F90028D9D081
:10C2C000D6E7000038B5294B054618680C4618B16A
:10C2D000036A0BB9FFF762FEB4F90C30190722D4D8
:10C2E000DA0607D409222A6043F04003A3814FF005
:10C2F000FF3033E0580712D5616B41B104F14403BC
:10C30000994202D0284600F03FFF00236363A389CF
:10C3100023F02403A3810023636023692360A3899E
:10C3200043F00803A38123694BB9A38903F4207365
:10C33000B3F5007F03D02146284602F091F9B4F905
:10C340000C3013F001020AD00022A260626952424E
:10C35000A261226942B913F08000C5D138BD9907A6
:10C3600058BF6269A260F4E70020F7E73C020020B2
:10C3700002440346934200D1704703F8011BF9E7DA
:10C380000A7870B56AB970BD9A4209D10C46054663
:10C3900014F8013F002BF6D015F8016F9E42F7D03C
:10C3A00001300378002BEFD11846ECE700487047C6
:10C3B000C001002038B5064D0023044608462B6016
:10C3C000F5F788F8431C02D12B6803B1236038BD10
:10C3D000E06E002038B5074D04460846114600229D
:10C3E0002A601A46F5F79DF8431C02D12B6803B169
:10C3F000236038BDE06E002038B5074D044608467E
:10C40000114600222A601A46F5F72BF8431C02D188
:10C410002B6803B1236038BDE06E002038B5064DAF
:10C420000023044608462B60F5F788F8431C02D128
:10C430002B6803B1236038BDE06E002038B5074D8E
:10C4400004460846114600222A601A46F5F726F8E7
:10C45000431C02D12B6803B1236038BDE06E00207D
:10C46000014B1868704700BF3C02002070B50D4DAD
:10C470000D4C641BA4100026A64209D10B4D0C4C98
:10C4800002F0ACFB641BA4100026A64205D170BDCF
:10C4900055F8043B98470136EEE755F8043B9847BA
:10C4A0000136F2E778F8000878F8000878F8000814
:10C4B0007CF800087047704770470A44914200F1C9
:10C4C000FF3300D1704710B511F8014B03F8014F4D
:10C4D0009142F9D110BD2DE9F74F03690C69A342D0
:10C4E00007467EDB013C01F11408A30000F11405AE
:10C4F000009305EB8403019358F8243055F8242069
:10C5000001339A4208EB8409B2FBF3F62ED34FF0C5
:10C51000000AC446AE46D3465CF8043B98B206FB1C
:10C5200000A0020C1B0C06FB0323DEF8002080B2E7
:10C5300092B2121A5A44DEF800004FEA134A9BB234
:10C54000C3EB224303EB104392B242EA0342E145BC
:10C550004EF8042B4FEA234BDED2009BEB582BB94D
:10C56000019B043B9D421A462FD33C61384601F0A3
:10C57000D9F8002825DB2946002058F8042BD1F8EB
:10C5800000C01FFA82FE1FFA8CF3A3EB0E030344D4
:10C59000120CC2EB234202EB1C429BB243EA024361
:10C5A000C14541F8043B4FEA2240E6D255F8242029
:10C5B00005EB840322B9043B9D421A460BD33C6130
:10C5C0000136304603B0BDE8F08F1268043B002A04
:10C5D000CBD1013CC6E71268043B002AEFD1013CF5
:10C5E000EAE70020EEE700002DE9F04FC76997B0B9
:10C5F0008DED040B55EC104B209E079181460C925B
:10C6000011937FB91020FEF729FF0246C9F81C00DC
:10C6100020B9A94BEF21A94802F042F9C0E90177FE
:10C620000760C760D9F81C30196859B15A684A6068
:10C63000012393408B60484600F042FED9F81C303D
:10C6400000221A602B1EB9BF23F00043059300237C
:10C650003360059F9A4BBCBF01223260BB4312D1AD
:10C66000119A42F20F731360C7F31303234300F0D0
:10C670005A85219BDFF85CA2002B00F05C850AF153
:10C68000030300F056BD9DED047B002251EC170B17
:10C6900000238DED0A7BF4F71FFA804658B1119AFA
:10C6A00001231360219B13B1219A864B1360DFF89D
:10C6B00028A200F040BD9DED0A0B14AA15A948461A
:10C6C00001F0E0F8C7F30A560290002E78D00B9BD9
:10C6D000CDF84880C3F31303DDE90A0143F07F532B
:10C6E00043F44013A6F2FF3619460022764BF3F7C7
:10C6F000D3FD6BA3D3E90023F3F786FF6AA3D3E945
:10C700000023F3F7CBFD044630460D46F3F712FF46
:10C7100067A3D3E90023F3F777FF02460B462046D1
:10C720002946F3F7BBFD04460D46F4F71DFA002237
:10C730000746002320462946F4F7D8F940B1384689
:10C74000F3F7F8FE22462B46F4F7C6F900B9013F8D
:10C75000162F52D85D4B03EBC703D3E90023DDE965
:10C760000A01F4F7C3F9002849D0013F00231093D0
:10C77000149B9B1B5A1E45BFC3F10103009300236A
:10C780000023069254BF00930693002F39DB069BCB
:10C790000D973B44069300230893079B092B63D80E
:10C7A000052BC4BF043B0793079BA3F10203CCBF37
:10C7B00000240124032B63D8DFE803F05254372B05
:10C7C000DDE914631E4406F23243202BC1BFC3F1DE
:10C7D00040039F4006F2124324FA03F3D6BFC3F18D
:10C7E000200347EA030004FA03F0F3F793FE012263
:10C7F000A1F1F873013E129276E70123B7E710909A
:10C80000B6E7009BDB1B00937B42089300230D934C
:10C81000C3E7012309930C9B07EB030B0BF1010307
:10C82000012B0393B8BF012306E0012309930C9B5E
:10C83000002B28DD9B460393D9F81C00002104221D
:10C8400002F114059D4226D94160484600F0F8FCEB
:10C850008246002842D11E4B024640F2AF11DAE672
:10C860000023E3E70023D5E701240023079309947D
:10C870004FF0FF3B0022CDF80CB012230C92DBE707
:10C8800001230993F4E74FF0010BCDF80CB05B46A0
:10C89000CDF830B0D0E701315200D1E7AFF30080DE
:10C8A00061436F63A787D23FB3C8608B288AC63FB6
:10C8B000FB799F501344D33F2FF6000846F600083B
:10C8C0000000F07F30F700080000F83FA8F70008EC
:10C8D0009EF600082BF600082FF70008D9F81C3048
:10C8E0001860039B0E2B00F2A180002C00F09E80AC
:10C8F000002F33DD9C4B07F00F0203EBC20393EDD7
:10C90000007BF8058DED0E7B4FEA271416D5974B6B
:10C91000DDE90A01D3E90823F3F7A0FFCDE904011B
:10C9200004F00F040326914D54B9DDE90E23DDE92F
:10C930000401F3F793FFCDE9040128E00226F2E7B2
:10C94000E10708D5DDE90E01D5E90023F3F75CFE28
:10C95000CDE90E01013664100835E5E700F0AF803F
:10C960007C42814B814D04F00F0203EBC203D3E9FB
:10C970000023DDE90A01F3F747FECDE904012411A4
:10C9800000230226002C40F08F80002BD3D1109B77
:10C99000DDE90445002B00F09480754B0022204611
:10C9A0002946F4F7A3F8002800F08B80039B002BA6
:10C9B00000F08780BBF1000F34DD20466D4B002274
:10C9C0002946F3F721FECDE9040107F1FF380136CE
:10C9D0005C463046F3F7AEFDDDE90423F3F714FEC1
:10C9E000654B0022F3F75AFC0546A1F15076002C66
:10C9F0006AD1DDE90401614B0022F3F74DFC0246E8
:10CA00000B46CDE904232A463346F4F78DF8002877
:10CA100040F09882DDE904012A4606F10043F4F76C
:10CA200065F838BBDDE90A34CDE90434159B002BE9
:10CA3000C0F257810E2F00F354814B4B03EBC70319
:10CA400093ED007B0C9B002B8DED007B80F2E5804D
:10CA5000039B002B00F3E1800CD1484B002251ECEA
:10CA6000170BF3F7D1FDDDE90423F4F753F80028A1
:10CA700000F06682002425460C9B56466FEA0308A8
:10CA800000272146484600F01BFC002D00F0BD8029
:10CA90002FB1AF4203D03946484600F011FC294679
:10CAA000484600F00DFCB0E0E20705D5D5E90023CB
:10CAB000F3F7AAFD013601236410083562E7022668
:10CAC00065E7039CB84684E7274B099903EBC40349
:10CAD00053E902235444002954D029490020F3F794
:10CAE000BDFE33462A46F3F7D7FBCDE90E01564685
:10CAF000DDE90401F4F738F80546F3F71BFD0246BB
:10CB00000B46DDE90401F3F7C7FB303502460B465F
:10CB1000CDE9042306F8015BDDE90E23F3F7E6FF18
:10CB2000002872D1DDE9042311490020F3F7B4FB9A
:10CB3000DDE90E23F3F7DAFF002840F0B480A642C7
:10CB40003FF470AFDDE90E010A4B0022F3F75CFD04
:10CB5000084BCDE90E010022DDE90401F3F754FD95
:10CB6000CDE90401C4E700BFA8F7000880F700087A
:10CB70000000F03F0000244000001C400000144072
:10CB80000000E03F31462846F3F73EFDCDE90E01B7
:10CB900013945646DDE90401F3F7E6FF0546F3F783
:10CBA000C9FC02460B46DDE90401F3F775FB30359D
:10CBB00006F8015B02460B46A642CDE904234FF07E
:10CBC000000224D1AF4BDDE90E01F3F767FB02460B
:10CBD0000B46DDE90401F3F7A7FF002863D1DDE987
:10CBE0000E23A8490020F3F757FB02460B46DDE968
:10CBF0000401F3F77BFF00283FF414AF139E731E6C
:10CC0000139316F8013C302BF8D047463BE09E4B7F
:10CC1000F3F7FAFCCDE90401BCE7DDE9044556462B
:10CC2000DDE9002320462946F3F718FEF3F79CFFC1
:10CC30008046F3F77FFCDDE90023F3F7E5FC0246CD
:10CC40000B462046294608F13004F3F725FB06F889
:10CC5000014B039DA6EB0A04A54202460B4633D1C5
:10CC6000F3F71CFBDDE9002304460D46F3F75CFFF8
:10CC7000C0B9DDE9002320462946F3F72DFF10B1A6
:10CC800018F0010F0ED10299484600F019FB00235D
:10CC90003370119B01371F60219B002B00F04B82EA
:10CCA0001E6048E2B84633461E4613F8012D392A65
:10CCB00006D19A45F8D1302208F101088AF80020FF
:10CCC0001A7801321A70A0E76F4B0022F3F79CFC30
:10CCD0000022002304460D46F3F7FEFE00289FD0F5
:10CCE000D1E7099A002A00F0EA80079A012A00F3A6
:10CCF000CD80129A002A00F0C18003F23343089CD1
:10CD0000009E009A1A440092069A01211A4448464D
:10CD1000069200F089FB054666B1069B002B09DDF3
:10CD2000B342009AA8BF3346D21A0092069AF61A66
:10CD3000D31A0693089B0BB3099B002B00F0C68007
:10CD4000002C00F0C08029462246484600F024FC12
:10CD5000029A01460546484600F07CFB029980464F
:10CD6000484600F0ADFA089B1B1B089300F0B18009
:10CD7000089A4146484600F00FFC029001214846BF
:10CD800000F052FB0D9B0446002B00F0D8811A46A0
:10CD90000146484600F000FC079B012B044600F3C7
:10CDA0009F80049B002B40F09780059BC3F31303E7
:10CDB000002B40F09380059B23F000431B0D1B05C7
:10CDC00033B1009B01330093069B0133069301238B
:10CDD00008930D9B002B00F0B881236904EB8303BB
:10CDE000186900F0D5FAC0F12000069B184410F035
:10CDF0001F0000F08280C0F12003042B73DD009B34
:10CE0000C0F11C0003440093069B034406440693B0
:10CE1000009B002B05DD02991A46484600F016FCDF
:10CE20000290069B002B05DD21461A46484600F07D
:10CE30000DFC0446109B002B61D00298214600F0A7
:10CE400071FC00285BDA002302990A22484600F0B0
:10CE500059FA099B029007F1FF38002B00F0778107
:10CE6000294600230A22484600F04CFABBF1000F85
:10CE700005466FDC079B022B49DC6BE0149BC3F17A
:10CE800036033CE70000E03F00002440039B5C1EAB
:10CE9000089BA34209DB1C1B039B002BBFF630AF92
:10CEA000009B039A9E1A00232BE7089B0D9A089477
:10CEB000E31A1A44009E039B0D92002421E7089C6C
:10CEC000009E099D28E7DDF8088051E7089A02993D
:10CED00050E7CDF8088051E7002379E7049B77E716
:10CEE0000023089379E793D0009A1C331A440092E8
:10CEF000069A1A441E4406928AE70346F4E7039B07
:10CF0000002BB84620DC9B46079B022B1EDDBBF1A5
:10CF1000000F7FF4B1AD21465B460522484600F084
:10CF2000F1F901460446029800F0FCFB00287FF767
:10CF3000A3AD5646312306F8013B08F101089FE5F1
:10CF4000039CB8462546F4E7DDF80CB0099B002B9E
:10CF500000F00181002E05DD29463246484600F0EA
:10CF600075FB0546089B002B5CD06968484600F0BD
:10CF700067F9064628B9824B024640F2EF21FFF7D7
:10CF80004ABB2A690232920005F10C010C30FFF70E
:10CF900094FA01223146484600F058FB0AF1010399
:10CFA00000930AEB0B030893049B03F001032F4645
:10CFB00006930546009B0298214603F1FF3BFFF7CD
:10CFC0008AFA03463033039039460298099300F0F9
:10CFD000A9FB2A4604902146484600F0BFFBC268E0
:10CFE000099B064602BB0146029800F09BFB099B89
:10CFF0000246314648460C92099300F061F9079BBE
:10D000000C9A009E42EA0301069B1943099B0DD12D
:10D01000392B27D0049A002A01DD039B31338BF88A
:10D0200000302EE52846B9E70122E2E704990029FD
:10D0300004DB079801430698014320D1002AEEDD66
:10D04000029900930122484600F000FB214602901D
:10D0500000F068FB0028009B02DCE0D1DA07DED597
:10D06000392BDAD139238BF8003033461E46013B89
:10D0700016F8012C392A4ED001321A7001E5002A27
:10D0800003DD392BEED00133C9E7009A089902F885
:10D09000013C8A4228D0029900230A22484600F027
:10D0A00031F9AF4202904FF000034FF00A023946C7
:10D0B000484607D100F026F907460546009B013394
:10D0C000009377E700F01EF92946074600230A225D
:10D0D000484600F017F90546F0E7BBF1000FCCBF5A
:10D0E0005E460126564400270299009301224846D5
:10D0F00000F0ACFA2146029000F014FB0028B4DCEA
:10D1000002D1009BDB07B0D433461E4613F8012D35
:10D11000302AFAD0B5E49A45A8D1312308F10108A4
:10D120008AF80030ADE4219BDFF858A01BB10AF16A
:10D130000803219A1360504617B0BDE8F08F079B93
:10D14000012B7FF72EAE0D9B089301204DE6BBF11E
:10D15000000F7FF7D9AE564602982146FFF7BBF97C
:10D1600000F1300306F8013BA6EB0A029345B4DD5B
:10D17000029900230A22484600F0C4F80290EBE727
:10D180009EF6000822F6000838B50546002941D071
:10D1900051F8043C0C1F002BB8BFE418FEF710FA3E
:10D1A0001D4A136833B9636014602846BDE83840EF
:10D1B000FEF70CBAA34208D9206821188B4201BFA0
:10D1C00019685B6809182160EDE71A465B680BB1C6
:10D1D000A342FAD911685018A0420BD1206801442B
:10D1E000501883421160E0D118685B6853600844AE
:10D1F0001060DAE702D90C232B60D6E720682118EB
:10D200008B4204BF19685B68636004BF0918216022
:10D210005460CAE738BD00BFA06D002082B001B9DC
:10D2200001A942B14BB113780B601278101E18BFE0
:10D23000012002B070471046FBE76FF00100F8E7ED
:10D2400070B5C66904460D4676B91020FEF706F99A
:10D250000246E06120B9184B18486B2101F020FB11
:10D26000C0E901660660C660E669F36883B1E369F8
:10D27000DB6853F82500B8B9012101FA05F6721DE3
:10D2800092002046FEF7D6F860B1C0E901560EE0E4
:10D29000212204212046FEF7CDF8E369F060DB6827
:10D2A000002BE4D1002070BD026843F82520002344
:10D2B000C0E90333F7E700BF2FF60008AFF6000818
:10D2C00070B5C66905460C4676B91020FEF7C6F85B
:10D2D0000246E86120B9094B09488F2101F0E0FAC4
:10D2E000C0E901660660C6603CB1EB696268DB6854
:10D2F00053F82210216043F8224070BD2FF6000839
:10D30000AFF600082DE9F0410D6907460C461E46B0
:10D3100001F1140C0020DCF8003099B202FB01612D
:10D320001E0C0B0C02FB063389B2013001EB0341EA
:10D3300085424CF8041B4FEA1346ECDC0EB3A3689D
:10D34000AB4219DC616838460131FFF779FF80464E
:10D3500028B902460C4B0D48BA2101F0A1FA226906
:10D36000023204F10C0192000C30FFF7A6F82146BE
:10D370003846FFF7A5FF444604EB850301355E619F
:10D3800025612046BDE8F0819EF60008AFF6000852
:10D39000B0F5803F034636BF030400201020B3F1F0
:10D3A000807F3CBF1B020830B3F1805F3CBF1B0194
:10D3B0000430B3F1804F3CBF9B000230002B05DBF3
:10D3C00013F0804F00F1010008BF20207047036870
:10D3D000024613F007000BD0D90721D4980749BFA4
:10D3E0005B089B08012013605CBF1360022070473C
:10D3F00099B209B91B0C1020D9B209B908301B0A1F
:10D40000190704BF1B090430990704BF9B080230A9
:10D41000D90703D45B0800F1010003D01360704703
:10D42000002070472020704710B50C460121FFF7FF
:10D4300007FF024628B9054B054840F2451101F0A7
:10D440002FFA01234461036110BD00BF9EF600085E
:10D45000AFF600082DE9F04F17460A693B699A427A
:10D46000A8BF3B468946A4BF0F4699463D69D9F8F7
:10D4700010A0BB68796805EB0A06B34285B0B8BF57
:10D480000131FFF7DDFE30B90246414B41484FF410
:10D49000B17101F005FA00F1140404EB860E234685
:10D4A0000022734520D307F1140809F1140108EB99
:10D4B000850501EB8A030293EB1B153B23F0030365
:10D4C00004331537BD4238BF04230193029B0391F7
:10D4D0008B420CD8002E03DD5EF8043D002B55D0A6
:10D4E000066105B0BDE8F08F43F8042BD9E7B1F829
:10D4F00000A0BAF1000F1FD0C446A14600275CF877
:10D50000042BD9F800301FFA82FB9BB20AFB0B33C5
:10D510003B44D9F80070120C3F0C0AFB027202EB7C
:10D5200013429BB243EA0243654549F8043B4FEA84
:10D530001247E4D8019BE750039BB3F802900431F3
:10D54000B9F1000F20D023684746A4464FF0000AE7
:10D55000B7F800B0BCF8022009FB0B2252449BB282
:10D5600043EA02434CF8043B57F8043B4FEA134AA2
:10D57000BCF8003009FB0A3303EB1243BD424FEA0B
:10D58000134AE5D8019AA35004349FE7013EA1E76E
:10D590009EF60008AFF600082DE9F843154612F094
:10D5A000030207460E4607D0254C013A002354F8E3
:10D5B0002220FFF7A7FE0646AD103DD0FC697CB9DE
:10D5C0001020FDF74BFF0246F86128B91D4B1E489D
:10D5D00040F2B31101F064F9C0E901440460C46091
:10D5E000D7F81C80D8F808404CB940F27121384671
:10D5F000FFF71AFF0023C8F80800044603604FF045
:10D600000009EB070AD5314622463846FFF722FFCC
:10D61000314680463846FFF753FE46466D100BD024
:10D62000206838B9224621463846FFF713FF2060AC
:10D63000C0F800900446E4E73046BDE8F88300BF38
:10D6400070F700082FF60008AFF600082DE9F04744
:10D650000C464968236903EB6218A36807469146A4
:10D660004FEA621A08F10106B3420BDB3846FFF7B6
:10D67000E7FD054648B90246284B29484FF4EF71AB
:10D6800001F00EF901315B00EEE7002300F1140117
:10D6900000F110021846534533DB20692AEAEA7A82
:10D6A00004F1140319F01F0901EB8A0103EB800C4C
:10D6B0002BD0C9F1200E8A460022186800FA09F022
:10D6C00010434AF8040B53F8042B9C4522FA0EF23F
:10D6D000F3D8ACEB0403153B23F00303043304F14C
:10D6E0001500604588BF0423CA500AB108F102063C
:10D6F000013E38462E612146FFF7E2FD2846BDE88F
:10D70000F08742F8040F0133C5E7043953F8042BBE
:10D7100041F8042F9C45F9D8EAE700BF9EF60008BF
:10D72000AFF600080A6903460069801A30B50ED1C9
:10D730001433143103EB820401EB820154F8045DCD
:10D7400051F8042D954203D005D24FF0FF3030BD83
:10D75000A342F3D3FBE70120F9E700002DE9F74FDF
:10D7600089460646114648461446FFF7DBFF051E6C
:10D7700012D129463046FFF763FD024628B93F4BD8
:10D7800040F237213E4801F08BF80123C0E904350F
:10D79000104603B0BDE8F08FBCBF4B46A1463046F3
:10D7A000D9F80410BABF1C4601250025FFF748FD33
:10D7B000024618B9314B40F24521E3E7D9F8107021
:10D7C0002669C56009F1100309F1140504F1140E6E
:10D7D00000F1140B05EB87080EEB86060193D94682
:10D7E0004FF0000C019B5EF8040B53F804AF01935B
:10D7F0001FFA8AF3194683B2CB1A000C6344C0EBBC
:10D800001A4000EB23409BB243EA0043764549F8B7
:10D81000043B4FEA204CE5D8331B153B23F00303B0
:10D8200015340433A64238BF04231D445B441E460E
:10D830002C4644450ED308F10301491B21F0030196
:10D84000033DA84538BF00210B4453F8041D91B196
:10D8500017619DE754F8041BE646080C1CFA81FC8E
:10D86000714400EB2C4089B241EA004146F8041BA8
:10D870004FEA204CDDE7013FE7E700BF9EF60008D6
:10D88000AFF600082DE9F7430F46012159EC108B44
:10D890001646FFF7D5FC044630B90246234B244810
:10D8A00040F20F3100F0FCFFC9F30A55C9F313032E
:10D8B0000DB143F480130193B8F1000323D06846FF
:10D8C0000093FFF784FDDDE90012D0B1C0F1200321
:10D8D00002FA03F30B43C24063610192019BA3610F
:10D8E000002B0CBF012202222261A5B1A5F2334513
:10D8F00005443D60C0F135003060204603B0BDE80E
:10D90000F0836161EAE701A8FFF761FD019B6361B4
:10D9100020300122E8E704EB8203A0F232403860B5
:10D920001869FFF735FDC0EB4210E5E79EF60008E9
:10D93000AFF600080346084641B1FF2A04D98A22FF
:10D940001A604FF0FF3070470A70012070472DE9D0
:10D95000F0478E681F46BE420B6882460C469046D2
:10D960002DD8B1F90C2012F4906F26D065690969A1
:10D9700005EB4505A3EB010905EBD5757B1C4B4475
:10D980006D109D4238BF1D46530527D52946FDF72A
:10D9900097FD064660B321694A46FEF78EFDA389CE
:10D9A00023F4906343F08003A381266165614E44B4
:10D9B000A5EB09052660A5603E46BE4200D93E465D
:10D9C00020683246414600F02EFFA3689B1BA360EF
:10D9D0002368334423600020BDE8F0872A4600F026
:10D9E0007DFF06460028E0D121695046FFF7CCFBB9
:10D9F0000C23CAF80030A38943F04003A3814FF001
:10DA0000FF30E9E72DE9F04F98468B891B069DB062
:10DA100007460D46144610D50B6973B94021FDF732
:10DA20004FFD2860286130B90C233B604FF0FF3078
:10DA30001DB0BDE8F08F40236B61002309932023C4
:10DA40008DF82930CDF80C803023DFF89C818DF8DB
:10DA50002A304FF0010923469A4613F8012B0AB1E8
:10DA6000252AF9D1BAEB040B0BD05B462246294696
:10DA70003846FFF76CFF013000F0A780099A5A443E
:10DA800009929AF80030002B00F09F8000234FF09D
:10DA9000FF32CDE905230AF1010A049307938DF8BB
:10DAA00053301A935446052214F8011B4E48F2F7DE
:10DAB00097FB049AD8B9D00644BF20238DF8533081
:10DAC000110744BF2B238DF853309AF800302A2BCE
:10DAD00015D0079A544600204FF00A0C214611F841
:10DAE000013B303B092B4BD9B0B1079214E0A0EBBE
:10DAF000080309FA03F313430493A246D2E7039BF6
:10DB0000191D1B680391002BBBBF5B4242F0020250
:10DB100007930793B8BF049223782E2B0AD163781A
:10DB20002A2B32D1039B1A1D1B68039243EAE3732D
:10DB300002340593DFF8C0A0217803225046F2F7A3
:10DB40004FFB38B1049BA0EB0A00402282401343F4
:10DB50000134049314F8011B24488DF82810062280
:10DB6000F2F73EFB002836D0214B1BBB039B07334B
:10DB700023F0070308330393099B334409936AE7AF
:10DB80000CFB02320C460120A8E700230134059368
:10DB900019464FF00A0C204610F8012B303A092A9A
:10DBA00003D9002BC6D00591C4E70CFB0121044624
:10DBB0000123F0E703AB00932A460E4B04A9384635
:10DBC000FDF7AAFD421C0646D6D1AB895B063FF5A0
:10DBD0002DAF09982CE703AB00932A46054B04A907
:10DBE0003846FEF731F8EDE708F7000812F70008AD
:10DBF00019B700084FD900080EF7000838B54B1CBC
:10DC0000144603D14FF0FF35284638BD938923F0E1
:10DC100020039381636B5268CDB28BB1A36B9342A7
:10DC200008DD23685A1E226003F8015C6368013333
:10DC30006360E9E7214600F0BCFD0028F1D0E1E790
:10DC40002169236851B1994208D213F8011CA942F5
:10DC500004D1013B013223606260D5E7C4E90F3291
:10DC600004F1440363630323A363234603F8465F7D
:10DC700023600123DCE710B50C46496B69B104F160
:10DC80004403994201D0FFF77FFA236C63600020C0
:10DC9000606313B1E36B236010BD2369236000232D
:10DCA0006360A38943F02003A3814FF0FF30F3E7C3
:10DCB0002DE9F04F0C46ADF5237D0021CDE944114F
:10DCC000A649A0910DF10408A549A64FCDF81881E9
:10DCD0000646A191009392F80090B9F1000F00F070
:10DCE000588117F8093013F0080302F1010519D023
:10DCF0006368002B0FDD23681A78BA5C120701D421
:10DD00002A46E8E7459A0132459262680133013AB2
:10DD100062602360ECE7A19B2146304698470028CB
:10DD2000E9D0EDE7B9F1250F40F0858041934393A9
:10DD300053782A2B02BF1023951C41930A22AA462E
:10DD40001AF8011BA1F13003092B1ED9DFF818B214
:10DD500003225846F2F744FA38B1419AA0EB0B007F
:10DD60000123834013434193554615F8013B782B1B
:10DD700006D8572B10D8252B5DD057D8002B75D03F
:10DD8000032347930A23429388E0439B02FB03113A
:10DD9000303943915546D2E7A3F15802202AEFD8F3
:10DDA00001A151F822F000BF7BDE000881DD0008F0
:10DDB00081DD0008D5DE000881DD000881DD000876
:10DDC00081DD000881DD000881DD000881DD0008BB
:10DDD00081DD0008EBDE0008D1DE000833DE00083C
:10DDE00033DE000833DE000881DD00088DDE000828
:10DDF00081DD000881DD000881DD000881DD00088B
:10DE0000FBDE000895DE000873DE000881DD0008F7
:10DE100081DD0008F7DE000881DD0008D1DE0008A2
:10DE200081DD000881DD00087BDE0008453B022B18
:10DE3000A6D8052331E06368002B0DDD23681A782E
:10DE40004A4540F0A680013362682360459B013A51
:10DE500001336260459353E7A19B214630469847C2
:10DE60000028EBD04498002840F08B804FF0FF3022
:10DE70008BE0419A42F020024192419A42F40072B2
:10DE8000419210226E2B429202D905E00023429368
:10DE9000032302E008234293042347936368002B83
:10DEA00039DD419B590604D423681A78BA5C1207FD
:10DEB00038D4479B022B47DC6B46224641A93046AB
:10DEC00000F0AEF9012864D002287FF419AFC9E749
:10DED0000A22D7E72946404600F032FC419B43F036
:10DEE0004003419305460123D7E7419B43F040039C
:10DEF00041930023D1E70223CFE74198C3063FF5C2
:10DF0000FFAE009B459A191D00911B68C0074CBFCE
:10DF10001A801A60F4E6A19B2146304698470028F3
:10DF2000BFD09FE7459A013245926268013A002AC4
:10DF3000626002DD01332360B6E7A19B21463046D3
:10DF400098470028B0D08DE7042B0FDC6B462246A3
:10DF500041A9304600F0BEF9B4E700BFFDDB000880
:10DF600077DC0008E6F400080EF700080A4B002BE7
:10DF70003FF4C6AE6B46224641A93046AFF300805F
:10DF8000A0E7A3895B063FF571AF0DF5237DBDE8E2
:10DF9000F08F4498F9E700BF000000009368013B50
:10DFA000002B10B4936008DA9469A34201DB0A29BC
:10DFB00003D15DF8044BFEF746B91368581C106096
:10DFC000197008465DF8044B7047F8B506460F46D1
:10DFD0001446D518AC4201D1002007E014F8011B0B
:10DFE0003A463046FFF7DAFF431CF3D1F8BD000094
:10DFF0002DE9F04F0D469DB014469846064618B1DF
:10E00000036A0BB9FDF7CAFF6B6ED90705D4AB895C
:10E010009A0502D4A86DFEF74EFAAB891B0701D50D
:10E020002B699BB929463046FEF74CF970B16B6EEF
:10E03000DC0704D54FF0FF301DB0BDE8F08FAB8991
:10E040009805F7D4A86DFEF737FAF3E70023099394
:10E0500020238DF82930CDF80C803023DFF8AC81F7
:10E060008DF82A304FF0010923469A4613F8012B08
:10E070000AB1252AF9D1BAEB040B0BD05B46224634
:10E0800029463046FFF7A1FF013000F0A780099A2A
:10E090005A4409929AF80030002B00F09F80002328
:10E0A0004FF0FF32CDE905230AF1010A04930793EB
:10E0B0008DF853301A935446052214F8011B534827
:10E0C000F2F78EF8049AD8B9D10644BF20238DF810
:10E0D0005330130744BF2B238DF853309AF8003088
:10E0E0002A2B15D0079A544600204FF00A0C2146DF
:10E0F00011F8013B303B092B4BD9B0B1079214E02A
:10E10000A0EB080309FA03F313430493A246D2E7F2
:10E11000039B191D1B680391002BBBBF5B4242F0A0
:10E12000020207930793B8BF049223782E2B0AD1DB
:10E1300063782A2B32D1039B1A1D1B68039243EA92
:10E14000E37302340593DFF8D4A02178032250460C
:10E15000F2F746F838B1049BA0EB0A004022824057
:10E1600013430134049314F8011B29488DF8281037
:10E170000622F2F735F800283FD0264B1BBB039B45
:10E18000073323F0070308330393099B3B440993A8
:10E190006AE70CFB02320C460120A8E70023013499
:10E1A000059319464FF00A0C204610F8012B303A1F
:10E1B000092A03D9002BC6D00591C4E70CFB012125
:10E1C00004460123F0E703AB00932A46124B04A94F
:10E1D0003046FDF7A1FA0746781CD6D16B6ED907F9
:10E1E00005D4AB899A0502D4A86DFEF765F9AB8911
:10E1F0005B063FF51FAF09981EE703AB00932A4665
:10E20000054B04A93046FDF71FFDE4E708F70008B9
:10E2100012F7000819B70008CBDF00080EF7000856
:10E220002DE9F84315468A6880460C4632B98A695A
:10E23000002A14BF4FF0FF3201228A602268DFF803
:10E240009090D1065FBF1A68111D196016680027EB
:10E25000A06988B1012807D12B681A7863699B5C93
:10E2600053B9002F31D022E0022820D12B681B782F
:10E2700019F803301B071AD42368DA065EBF2B682F
:10E280001B7806F8013B2A686B6801322A60A26895
:10E29000013B013A6B600137A26042B1002BD7DC31
:10E2A000D4F880312946404698470028D0D02368CA
:10E2B00013F0100305D1E2680132E260A26902B1F5
:10E2C000337023693B4423610020BDE8F88300BF1D
:10E2D000E6F400082DE9F04F9846744B0C46824650
:10E2E000164693E8070087B003AB83E80700704B3E
:10E2F000A169704A032908BF1A46A36801925A1EF1
:10E30000B2F5AE7F88BF6FF4AE75274682BF03EBD0
:10E31000050940F25D13A36057F81C3B43F45063BA
:10E3200098BF4FF0000923603D464FF0000B316865
:10E3300003AB097853F82B000222F1F751FF28B301
:10E34000BBF1010F59D162682AB92268082142F451
:10E35000007261602260226822F4A0622260A268DA
:10E36000511EA16092B13268511C3160127805F8DB
:10E37000012B7268013A002A726007DCD4F8802110
:10E38000314650469047002840F085800BF1010B44
:10E39000BBF1030FCBD163680BB90A2363606368D9
:10E3A00045496069C91A00F0CBF94FF0000BA3682A
:10E3B0002268002B3DD03168606991F800C010F8E8
:10E3C0000C00002835D0BCF1300F24D1100522D527
:10E3D0000BF1010BB9F1000F03D0013309F1FF3943
:10E3E000A3607368013B002B73601BDD336801334E
:10E3F0003360A368013BA360D9E7BBF1020FAED144
:10E40000226802F4C061B1F5007FC4D110216160BF
:10E4100042F48072A2E722F4106222600B7805F8C1
:10E42000013BDEE7D4F8803131465046984700285A
:10E43000DFD02368D9050DD5BD4209D915F8011CD7
:10E44000D4F87C3132465046984705F1FF394D46A5
:10E45000BD4228D0226812F0100213D12A706368DE
:10E46000019E39465046B047D8F8003021681A1D41
:10E47000C8F8002011F0200F1B680FD01860E36867
:10E480000133E3602369ED1B5D442B4423610020CD
:10E4900007B0BDE8F08F4FF0000BCAE7CA074CBFCA
:10E4A00018801860EBE70120F2E700BF90F3000846
:10E4B0002DEA00080DEB000829F70008B1F90C203F
:10E4C0002DE9F041160705460C4654D44B68002B45
:10E4D00002DC0B6C002B48DDE66A002E45D00023E1
:10E4E00012F480522F68216A2B6030D0626DA389AC
:10E4F000590705D56368D21A636B0BB1236CD21A26
:10E500000023E66A216A2846B047431CA38906D146
:10E5100029681D292BD82A4ACA40D60727D50022A8
:10E520006260D9042269226004D5421C01D12B68A3
:10E5300003B96065616B2F60B9B104F1440399427E
:10E5400002D02846FEF720FE002363630DE001237E
:10E550002846B0470246501CC9D12B68002BC6D0B4
:10E560001D2B01D0162B1ED12F60002022E043F07E
:10E5700040031BB21BE00F69002FF6D093070E6813
:10E5800008BF4B690F6018BF0023A6EB07088B601C
:10E59000B8F1000FE9DD216AA66A43463A462846EB
:10E5A000B047002808DCB4F90C3043F04003A381E5
:10E5B0004FF0FF30BDE8F0810744A8EB0008E7E723
:10E5C0000100402038B50B6905460C4613B90025FB
:10E5D000284638BD18B1036A0BB9FDF7DFFCB4F962
:10E5E0000C30002BF3D0626ED00704D4990502D40E
:10E5F000A06DFDF760FF28462146FFF75FFF636EC1
:10E60000DA070546E4D4A3899B05E1D4A06DFDF7A4
:10E6100053FFDDE770B50C46B1F90E10002996B036
:10E6200015461E460DDAA38913F0800F4FF0000146
:10E6300014BF40234FF48063002031602B6016B07C
:10E6400070BD6A4600F00AF90028ECDB019901F47C
:10E650007041A1F50053594259414FF48063EBE7F3
:10E660008B89F7B59D0706460C4607D504F147038D
:10E67000236023610123636103B0F0BD01AB6A46EF
:10E68000FFF7C8FF009F054639463046FCF718FFE4
:10E6900048B9B4F90C309A05EED423F0030343F0E3
:10E6A0000203A381E2E7A389206043F08003A381F2
:10E6B000019BC4E904075BB1B4F90E10304600F0C9
:10E6C000DFF828B1A38923F0030343F00103A381FA
:10E6D000A3891D43A581CFE770B50D4614460646B4
:10E6E00018B1036A0BB9FDF759FC636ED80705D45E
:10E6F000A389990502D4A06DFDF7DDFEA368013B57
:10E70000002BA36005DAA269934212DBEBB20A2B5D
:10E710000FD023685A1C22601D70EDB2636EDA07B9
:10E7200005D4A3899B0502D4A06DFDF7C5FE28463C
:10E7300070BD294622463046FDF785FD0546EDE7CA
:10E7400070B50B7804465E2B0BBF4B784A1C8A1CB5
:10E75000002108BF0121013804F1FF0500F8011F65
:10E76000A842FBD10BB9501E70BD81F00101E154EC
:10E770001046024612F8015B2D2D05D05D2D16D0F6
:10E78000002DF1D02B46F2E746785D2EFAD0B34249
:10E79000F8DC02301A4601329642A154FBDCF21A30
:10E7A000013A5D1CB342A8BF0022AB18E1E7104656
:10E7B000DAE72DE9F0410C46496B04F14403994234
:10E7C0001DD14FF48061FCF77BFE18B94FF0FF308C
:10E7D000BDE8F0814FF48063A36394F84630606332
:10E7E00080F8FF3394F8453080F8FE3394F84430D5
:10E7F00080F8FD3300F2FD3020600020E8E7A66BD2
:10E8000077003A4600F06AF805460028DED000EBB3
:10E810000608014632464046FDF74FFEC4E90D5753
:10E82000C4F80080E9E7884210B501EB020402D980
:10E830008442234607D8431EA14208D011F8012B79
:10E8400003F8012FF8E7024401468A4200D110BDC7
:10E8500013F8014D02F8014DF7E7000038B5074DF8
:10E8600000230446084611462B60F2F73FFE431C86
:10E8700002D12B6803B1236038BD00BFE06E0020D9
:10E8800038B5064D0023044608462B60F2F73EFEDD
:10E89000431C02D12B6803B1236038BDE06E002019
:10E8A0001FB514461A46094B1B680546D8684CB17B
:10E8B000074B0091CDE9013406492B4600F028F9B9
:10E8C00000F038F9044B1C46F3E700BF3C0200207F
:10E8D00034F7000841F700086FF700082DE9F04110
:10E8E000074614460D4621B9BDE8F0411146FCF734
:10E8F000E7BD2AB9FEF748FC25462846BDE8F08169
:10E9000000F01FF98442064602D8B4EB500FF4D849
:10E9100021463846FCF7D4FD804608B94546ECE769
:10E92000B4422246294628BF3246FDF7C6FD294695
:10E930003846FEF729FCF1E7242B2DE9F0478646FF
:10E94000904601D8012B06D1FDF78AFD16230360FE
:10E950000020BDE8F08734480D462A4615F8014BE3
:10E96000065D16F00806F8D12D2C10D12C78012662
:10E97000951C33F0100215D1302C0DD12A7802F0FD
:10E98000DF02582A08D16C78023510230AE02B2CBC
:10E9900004BF2C78951CECE7002BF6D1302C14BF6B
:10E9A0000A23082306F1004C0CF1FF3C0022BCFBBB
:10E9B000F3F9104603FB19CAA4F13007092F0FD849
:10E9C0003C46A3421BDD571C07D0814514D301D11F
:10E9D000A24511DB00FB0340012215F8014BEBE7D8
:10E9E000A4F14107192F01D8373CEAE7A4F16107E8
:10E9F000192F04D8573CE4E74FF0FF32EDE7531CE2
:10EA000008D12223CEF800306046B8F1000FA0D024
:10EA1000691E06E006B14042B8F1000F99D0002A05
:10EA2000F6D1C8F8001094E7E6F40008FFF784BFB9
:10EA30002DE9F043344E86460D46284615F8014B25
:10EA4000375D17F00807F8D12D2C10D12C7801274D
:10EA5000851C33F0100015D1302C0DD1287800F032
:10EA6000DF00582808D16C78023510230AE02B2CDF
:10EA700004BF2C78851CECE7002BF6D1302C14BF9A
:10EA80000A2308234FF0FF380026B8FBF3F803FBF6
:10EA900008F96FEA09093046A4F1300CBCF1090FFE
:10EAA00010D86446A3421EDDB6F1FF3F07D0804573
:10EAB00016D301D1A14513DB00FB0340012615F855
:10EAC000014BE9E7A4F1410CBCF1190F01D8373C27
:10EAD000E8E7A4F1610CBCF1190F04D8573CE1E759
:10EAE0004FF0FF36EBE7731C06D12223CEF800303F
:10EAF000304632B9BDE8F08307B14042002AF9D070
:10EB000006B1691E1160F5E7E6F40008FFF790BF53
:10EB10000EB403B5014603AB054853F8042B006857
:10EB20000193FFF765FA02B05DF804EB03B070479C
:10EB30003C02002008B5062000F034F80120F2F76E
:10EB400085FC51F8043C181F002BBCBF0B58C018A3
:10EB500070471F2938B505460C4604D916230360B3
:10EB60004FF0FF3038BDC26B12B152F821304BB9B3
:10EB7000284600F031F8224601462846BDE83840D4
:10EB800000F018B8012B0AD0591C03D116230360DA
:10EB90000120E7E7002142F8241020469847002092
:10EBA000E0E70000024B01461868FFF7D2BF00BF44
:10EBB0003C02002038B5074D0023044608461146A4
:10EBC0002B60F2F733FC431C02D12B6803B12360A6
:10EBD00038BD00BFE06E0020F2F720BCF8B500BFE2
:10EBE000F8BC08BC9E467047F8B500BFF8BC08BC2E
:04EBF0009E46704786
:10EBF80064656661756C745461736B0049444C4577
:10EC080000000000546D722053766300546D7251F9
:10EC1800000000001B5B33326D5B25735D20547967
:10EC28007065203A2025640D0A1B5B306D0D0A00C3
:10EC38001B5B33316D5B25735D204661696C6564D0
:10EC480020282564290D0A1B5B306D0D0A00000081
:10EC58001B5B33326D534552564943455F42544E10
:10EC68005F5041545445524E5F4F4E424F415244BB
:10EC7800494E470D0A1B5B306D0D00001B5B33329C
:10EC88006D534552564943455F42544E5F50415477
:10EC98005445524E5F5245424F4F540D0A1B5B304C
:10ECA8006D0D00001B5B33326D5345525649434589
:10ECB8005F42544E5F5041545445524E5F434C4559
:10ECC8004152414C4C0D0A1B5B306D0D0000000099
:10ECD8001B5B33326D534552564943455F42544E90
:10ECE8005F5041545445524E5F544553544D4F4420
:10ECF800450D0A1B5B306D0D000000001B5B3333B4
:10ED08006D554E444546494E454420425554544F4E
:10ED18004E0D0A1B5B306D0D000000001B5B33328B
:10ED28006D5B25735D20496E69740D0A1B5B306D40
:10ED38000D0A00001B5B33326D436865636B696EB7
:10ED4800672043656C6C756C617220636F6D6D75BF
:10ED58006E69636174696F6E0D0A1B5B306D0D001F
:10ED68001B5B33316D436F6D6D756E6963617469DB
:10ED78006F6E206661696C656420776974682043EA
:10ED8800656C6C756C61720D0A1B5B306D0D000053
:10ED98004661696C656420746F2072656164204DFA
:10EDA800464720646174610D000000004D4647200D
:10EDB80044617461203A2025730D0A001B5B3332CD
:10EDC8006D496E697469616C697A696E67207468E7
:10EDD8006520416363656C65726F6D657465720D5E
:10EDE8000A1B5B306D0D00001B5B33326D414458CC
:10EDF8004C20444556494345204944203A20307820
:10EE08002532580D0A1B5B306D0D0A001B5B33322F
:10EE18006D78203D20252E32662C2079203D202536
:10EE28002E32662C207A203D20252E32660D0A1BB4
:10EE38005B306D0D0A0000001B5B33326D456E615F
:10EE4800626C696E672063726173682064657465BB
:10EE58006374696F6E0D0A1B5B306D0D0000000056
:10EE68001B5B33326D53797374656D20696E6974F9
:10EE780069616C697A6174696F6E20737563636523
:10EE8800737366756C2E20537769746368696E674F
:10EE980020746F202D2D2D3E204E6F726D616C20D9
:10EEA8006D6F64650D0A1B5B306D0D001B5B3331A4
:10EEB8006D4572726F72203A205072652D6F7065C1
:10EEC800726174696E672073746174652066616924
:10EED8006C65640D0A1B5B306D0D00001B5B3333E2
:10EEE8006D5B25735D20556E6B6E6F776E20657652
:10EEF800656E742025640D0A1B5B306D0D0A0000D9
:10EF08004576656E742050756220646174610000F6
:10EF18001B5B33326D5B25735D2025730D0A1B5B0C
:10EF2800306D0D0A000000001B5B33366D414458FC
:10EF38004C204952512072656376640D0A1B5B3080
:10EF48006D0D00001B5B33336D5B25735D205374BF
:10EF5800617465206368616E6765207265717565A7
:10EF68007374656420627574206E65787420737498
:10EF780061746520697320656D7074790D0A1B5B77
:10EF8800306D0D0A000000001B5B33316D5B25738B
:10EF98005D4661696C656420746F20676574206ED6
:10EFA8006577206D6573736167650D0A1B5B306D4E
:10EFB8000D0A00001B5B33326D0D0A3E3E424F4F77
:10EFC800542055500D0A1B5B306D0D00312E30005A
:10EFD800312E302E300000005654535F47454E31D5
:10EFE800000000001B5B33326D25730D0A46572065
:10EFF800566572203A2025730D0A485720566572C7
:10F00800203A2025730D0A1B5B306D0D0A000000A5
:10F018001B5B33316D5B25735D4661696C656420EC
:10F02800746F20637265617465206D6573736167C1
:10F03800652071756575650D0A1B5B306D0D0A00DD
:10F048001B5B33316D415420496E697469616C6989
:10F058007A6174696F6E206661696C65640D0A1B5C
:10F068005B306D0D000000001B5B33326D41542096
:10F07800496E697469616C697A6564207375636344
:10F0880065737366756C6C790D0A1B5B306D0D00CA
:10F098001B5B33316D53797374656D20496E6974E8
:10F0A80069616C697A6174696F6E206661696C6503
:10F0B800640D0A1B5B306D0D000000005B25735D5D
:10F0C800206D6F6465203A2025642C204661696CA8
:10F0D800656420282564290D0A0000005B25735DFE
:10F0E800204661696C656420282564290D0A0000A2
:10F0F80052656376642064617461203A200D0000D3
:10F108000D0A3D3D3D3D3D3D3D3D3D3D3D3D3D3D8A
:10F118003D0D0000545820636F6D6D616E64203A98
:10F128002025730D0A0000004F4B00004552524F36
:10F13800520000005363616E6E696E672049324366
:10F14800206275732E2E2E0D00000000466F756E1E
:10F1580064206465766963652061742030782530A1
:10F1680032580D0A000000005363616E20636F6D12
:10F17800706C6574652E0D0041540D0041542B438D
:10F18800494D493F0D0000004154490D0000000061
:10F1980041542B49434349440D00000041545E53F8
:10F1A800494D535741503F0D0000000041545E53F4
:10F1B800494D535741503D300D00000041545E53B6
:10F1C800494D535741503D310D00000041542B43E8
:10F1D8005245473F0D00000041542B4353510D0049
:10F1E80041542B5452420D00415445300D0000004B
:10F1F80041542B434750533D310D000041542B439C
:10F208004750533D300D000041542B475053504F49
:10F2180052543D310D00000041542B475053504F7C
:10F2280052543D300D0000002B434D5400000000A7
:10F238002B52494E47000000524D43005B25735D39
:10F248000D0A000041545E53494D535741503A202E
:10F25800310000000D0A2B435245473A2025752CF2
:10F2680025750D0A000000000D0A2B4353513A2062
:10F278002575000025640000436F6D6D616E642084
:10F2880074797065205B25645D206E6F7420666FED
:10F29800756E64210D0A000041540D0A000000003B
:10F2A80053746172742074696D65720D00000000FA
:10F2B800656C61707365642074696D6520256C7573
:10F2C8000D0A000053484F52545F50524553530D96
:10F2D80000000000494E56414C49445F5052455386
:10F2E800530D00005B25735D204750494F20496E40
:10F2F800697469616C697A6174696F6E20466169C5
:10F308006C65640D0A0000005B25735D4661696CDD
:10F31800656420746F2063616C63756C617465202B
:10F328005053432F4152520D0A0000005B25735D74
:10F3380020427574746F6E2074696D657220496E11
:10F34800697469616C697A6174696F6E2046616974
:10F358006C65640D0A000000427574746F6E20734A
:10F3680065727669636520696E697469616C697A2A
:10F3780065640D00427574746F6E2044652D496E86
:10F388006974204F4B0D00002BF700082EF700087A
:10F3980031F70008F8EB000800000000000000004A
:10F3A8000000000000000000000C00001800000031
:10F3B8000000000000000000000000000000000045
:10F3C8000102030406070809000000000102030403
:10F3D800417070506F73744576656E74000000005C
:10F3E80041707053746174655072654F700000000D
:10F3F80041707053746174655075626C697368000C
:10F40800417070537461746549646C650000000054
:10F4180041707044697350617463686572000000DC
:10F428006170705F6D61696E000000006472765FE4
:10F438006164786C5F496E69740000006472765F7D
:10F448006164786C5F4765744465764964000000C0
:10F458006472765F6164786C5F5265616441786557
:10F468007358595A0000000043696D6948616E6419
:10F478006C65720041746948616E646C6572000065
:10F48800496363696448616E646C657200000000DA
:10F4980053696D536C6F7448616E646C65720000DB
:10F4A8004372656748616E646C65720043737148A6
:10F4B800616E646C657200000000000003010100C9
:10F4C8000001020101000203010000027365727667
:10F4D8006963655F62746E5F496E6974000020201D
:10F4E80020202020202020282828282820202020EC
:10F4F80020202020202020202020202020208810AC
:10F50800101010101010101010101010101004040B
:10F518000404040404040404101010101010104112
:10F528004141414141010101010101010101010183
:10F538000101010101010101011010101010104218
:10F548004242424242020202020202020202020253
:10F558000202020202020202021010101020000031
:10F568000000000000000000000000000000000093
:10F578000000000000000000000000000000000083
:10F588000000000000000000000000000000000073
:10F598000000000000000000000000000000000063
:10F5A8000000000000000000000000000000000053
:10F5B8000000000000000000000000000000000043
:10F5C8000000000000000000000000000000000033
:10F5D8000000000000000000000000000000494E8C
:10F5E8004600696E66004E414E006E616E00303115
:10F5F8003233343536373839414243444546003092
:10F6080031323334353637383961626364656600C0
:10F618004300504F534958002E00496E66696E6981
:10F628007479004E614E005245454E54206D616C10
:10F638006C6F6320737563636565646564002F622E
:10F6480075696C642F676E752D746F6F6C732D669A
:10F658006F722D73746D33325F31332E332E7265B2
:10F668006C312E32303234303932362D3137313533
:10F678002F7372632F6E65776C69622F6E65776C76
:10F6880069622F6C6962632F7374646C69622F649A
:10F69800746F612E630042616C6C6F6320737563D5
:10F6A800636565646564002F6275696C642F676EB5
:10F6B800752D746F6F6C732D666F722D73746D3347
:10F6C800325F31332E332E72656C312E3230323444
:10F6D800303932362D313731352F7372632F6E65DD
:10F6E800776C69622F6E65776C69622F6C696263EB
:10F6F8002F7374646C69622F6D707265632E63007A
:10F70800232D302B2000686C4C0065666745464702
:10F7180000412D46612D6638393031323334353663
:10F72800375D002B2D003030007858002C2066758E
:10F738006E6374696F6E3A200061737365727469E1
:10F748006F6E2022257322206661696C65643A20F9
:10F7580066696C6520222573222C206C696E6520F1
:10F768002564257325730A000500000019000000B0
:10F778007D000000000000000080E03779C34143AD
:10F78800176E05B5B5B89346F5F93FE9034F384DFF
:10F79800321D30F94877825A3CBF737FDD4F1575AB
:10F7A800000000000000F03F0000000000002440BE
:10F7B80000000000000059400000000000408F4099
:10F7C800000000000088C34000000000006AF84004
:10F7D8000000000080842E4100000000D012634128
:10F7E8000000000084D797410000000065CDCD419E
:10F7F800000000205FA00242000000E8764837427F
:10F80800000000A2941A6D42000040E59C30A2421C
:10F818000000901EC4BCD64200003426F56B0C4391
:10F828000080E03779C3414300A0D8855734764338
:10F8380000C84E676DC1AB43003D9160E458E14399
:10F84800408CB5781DAF154450EFE2D6E41A4B440E
:10F8580092D54D06CFF08044F64AE1C7022DB54453
:08F86800B49DD9794378EA440C
:08F870007009FF7F0100000098
:04F87800C5010008BE
:04F87C00A1010008DE
:10F880000024F4001000000001000000AAAAAAAAA7
:10F890000000000080F100080000000002000000ED
:10F8A00084F100087DA900080100000090F1000823
:10F8B000F9A900080300000098F100084DAA00080B
:10F8C00004000000A4F10008C9AA00080500000017
:10F8D000B4F100080000000006000000C4F10008B8
:10F8E0000000000007000000D4F1000859AB000838
:10F8F00008000000E0F1000805AC00080900000065
:10F90000E8F10008000000000A000000F0F1000823
:10F91000000000000B000000F8F1000800000000EB
:10F920000C00000004F20008000000000D000000C0
:10F9300010F20008000000000E00000020F2000895
:10F94000000000000000000003000000A46D002083
:10F950004300000000000000000000000000000064
:10F960000000000000000000000000000000000097
:10F970004300000000000000000000000000000044
:10F980000000000000000000000000000000000077
:10F990004300000000000000000000000000000024
:10F9A0000000000000000000000000000000000057
:10F9B0004300000000000000000000000000000004
:10F9C0000000000000000000000000000000000037
:10F9D00043000000000000000000000000000000E4
:10F9E0000000000000000000000000000000000017
:10F9F00043000000000000000000000000000000C4
:10FA000000000000000000000000000000000000F6
:10FA100043000000000000000000000000000000A3
:10FA200000000000000000000000000000000000D6
:10FA300035D900081DD2000800000000E5F40008D8
:10FA400020F600086FF700086FF700086FF700084E
:10FA50006FF700086FF700086FF700086FF70008EE
:10FA60006FF700086FF70008FFFFFFFFFFFFFFFFC2
:10FA7000FFFFFFFFFFFF0000010041534349490022
:10FA80000000000000000000000000000000000076
:10FA900000000000000000000000415343494900FD
:10FAA0000000000000000000000000000000000056
:10FAB00000000000000000000000000040020020E4
:10FAC00000000000A46D00200C6E0020746E002069
:10FAD0000000000000000000000000000000000026
:10FAE0000000000000000000000000000000000016
:10FAF0000000000000000000000000000000000006
:0CFB0000000000000000000000000000F9
:04000005080017795F
:00000001FF
